file,tempo,rms_mean,rms_std,zcr_mean,spectral_centroid_mean,spectral_rolloff_mean,chroma_1_mean,chroma_2_mean,chroma_3_mean,chroma_4_mean,chroma_5_mean,chroma_6_mean,chroma_7_mean,chroma_8_mean,chroma_9_mean,chroma_10_mean,chroma_11_mean,chroma_12_mean,mfcc_1_mean,mfcc_1_std,mfcc_2_mean,mfcc_2_std,mfcc_3_mean,mfcc_3_std,mfcc_4_mean,mfcc_4_std,mfcc_5_mean,mfcc_5_std,mfcc_6_mean,mfcc_6_std,mfcc_7_mean,mfcc_7_std,mfcc_8_mean,mfcc_8_std,mfcc_9_mean,mfcc_9_std,mfcc_10_mean,mfcc_10_std,mfcc_11_mean,mfcc_11_std,mfcc_12_mean,mfcc_12_std,mfcc_13_mean,mfcc_13_std
angry_001.wav,161.4990234375,0.0774935707449913,0.0293746218085289,0.04270000605620155,646.8777824960326,1112.3652116642443,0.47254031896591187,0.1814737319946289,0.0790087878704071,0.07157076150178909,0.3102962076663971,0.35997307300567627,0.16433259844779968,0.354140967130661,0.21242722868919373,0.4145289659500122,0.23418228328227997,0.1786511093378067,-326.4498596191406,37.66557312011719,221.92446899414062,15.184919357299805,-6.239361763000488,20.067665100097656,-10.718134880065918,9.178167343139648,25.409914016723633,8.639491081237793,-2.104779005050659,8.57463550567627,-17.991106033325195,8.643431663513184,-7.992231369018555,7.004129886627197,-5.082095623016357,5.354724407196045,-9.982626914978027,6.093899726867676,-7.349869728088379,7.13756799697876,-5.583194255828857,8.332375526428223,-8.608936309814453,7.7622880935668945
angry_002.wav,99.38401442307692,0.05499935895204544,0.01641014777123928,0.042882070615310075,763.5366072205377,1382.3982558139535,0.1901932656764984,0.10969782620668411,0.17742030322551727,0.39883890748023987,0.2004712074995041,0.3996579647064209,0.16521874070167542,0.3161899447441101,0.37519705295562744,0.18797580897808075,0.1932014673948288,0.10418570786714554,-332.3338623046875,43.92964553833008,210.2222900390625,15.595307350158691,-25.805147171020508,17.401084899902344,4.701038837432861,14.548447608947754,19.66172218322754,11.201674461364746,-5.360743522644043,6.900892734527588,-13.627561569213867,6.4733099937438965,-13.997879981994629,7.7845377922058105,-12.71893310546875,6.905273914337158,-13.841106414794922,5.8878173828125,-9.192949295043945,7.546043872833252,-5.861295223236084,7.312662124633789,-12.158602714538574,6.601140975952148
angry_003.wav,117.45383522727273,0.04024946317076683,0.032569821923971176,0.05328586785368217,804.4831294727034,1429.0451830486918,0.2999637722969055,0.14310304820537567,0.3581104576587677,0.16579356789588928,0.11299081146717072,0.21774999797344208,0.07698220759630203,0.11703290045261383,0.2522747814655304,0.2699781656265259,0.4457896053791046,0.17565158009529114,-358.2137451171875,63.204341888427734,162.95420837402344,24.44599723815918,3.5112342834472656,34.998695373535156,-4.2767333984375,13.133539199829102,8.432601928710938,13.072687149047852,-5.8488240242004395,10.380599975585938,-18.665206909179688,7.793986797332764,-17.962902069091797,7.603176116943359,-5.741219520568848,7.953431606292725,-5.837530136108398,7.628450393676758,-13.54422664642334,6.640632629394531,-11.22439193725586,8.785264015197754,-6.300885200500488,7.730546474456787
angry_004.wav,129.19921875,0.03291976824402809,0.014650323428213596,0.04651503452034884,806.644549130563,1408.4801394440408,0.29382309317588806,0.16341595351696014,0.19727888703346252,0.13583627343177795,0.12257681787014008,0.22977034747600555,0.07029177993535995,0.09471023082733154,0.07998697459697723,0.31777042150497437,0.46666449308395386,0.20291754603385925,-398.5611877441406,56.51219177246094,191.86135864257812,18.08359718322754,-19.994060516357422,32.3917350769043,-7.615478992462158,14.869333267211914,12.35393238067627,12.392393112182617,-7.460077285766602,9.039936065673828,-12.87781810760498,7.903896331787109,-14.169443130493164,10.283956527709961,-16.966110229492188,6.881407260894775,-13.826521873474121,7.8200531005859375,-9.989081382751465,6.09049129486084,-9.686363220214844,6.641427040100098,-8.127176284790039,7.907501697540283
angry_005.wav,112.34714673913044,0.02744169533252716,0.011701846495270729,0.03282574794089147,481.07466502387587,628.6693768168604,0.3074876368045807,0.2235046625137329,0.25720322132110596,0.08013370633125305,0.11295638978481293,0.22354839742183685,0.108205147087574,0.07914955168962479,0.17571793496608734,0.4207248091697693,0.40381553769111633,0.19316637516021729,-473.9820251464844,30.7718563079834,195.43988037109375,14.93925952911377,60.36506271362305,19.586137771606445,4.341444492340088,9.742364883422852,6.139401435852051,11.112110137939453,1.8430339097976685,9.489996910095215,-11.741497993469238,7.310941696166992,-11.18281364440918,7.0484538078308105,-6.451159954071045,7.124504566192627,-9.441205978393555,7.525846004486084,-13.61530876159668,6.551421165466309,-12.406614303588867,5.789210796356201,-6.827336311340332,6.635951995849609
angry_006.wav,129.19921875,0.027765294536948204,0.012837430462241173,0.046393910489341085,758.3019130437307,1307.8917037609012,0.108852818608284,0.19729024171829224,0.30727261304855347,0.09944842755794525,0.10886161774396896,0.3408646881580353,0.1894996464252472,0.2842659056186676,0.16149254143238068,0.43020638823509216,0.46898970007896423,0.120205819606781,-401.21563720703125,68.95623016357422,192.9457550048828,21.27834701538086,0.2842228412628174,34.685489654541016,9.398756980895996,13.378235816955566,11.771862983703613,12.695880889892578,-8.30539608001709,9.718724250793457,-10.271678924560547,8.9016695022583,-7.309897422790527,9.239899635314941,-15.001043319702148,7.435391426086426,-11.553727149963379,6.280974388122559,-7.929222583770752,6.886884689331055,-10.105393409729004,8.218382835388184,-8.79287052154541,8.26050853729248
angry_007.wav,107.666015625,0.03987053036689758,0.017947163432836533,0.046182321947674417,735.0741230307474,1309.1352879723838,0.2193654328584671,0.11377283185720444,0.21373578906059265,0.4912596642971039,0.29385948181152344,0.44236934185028076,0.20334704220294952,0.2013014703989029,0.29313841462135315,0.2187984734773636,0.3224010169506073,0.14683672785758972,-367.2658996582031,63.2835807800293,214.94161987304688,22.56785011291504,-13.447134971618652,35.43905258178711,-2.460064649581909,14.132614135742188,19.09726333618164,10.825782775878906,-5.575989246368408,11.61798095703125,-7.073023319244385,6.829273223876953,-3.2915682792663574,7.817437171936035,-6.573216438293457,7.897917747497559,-7.282522678375244,5.879049301147461,-3.5815539360046387,7.0504937171936035,-2.9191107749938965,7.748723983764648,-9.323561668395996,7.569667339324951
angry_008.wav,172.265625,0.0486321784555912,0.023049425333738327,0.040696538880813954,697.5892507550132,1194.0661904978197,0.5086584091186523,0.7741023302078247,0.1618543267250061,0.040761809796094894,0.05647160857915878,0.1522887945175171,0.37263697385787964,0.1818152368068695,0.052281320095062256,0.04581715911626816,0.13214129209518433,0.12794531881809235,-362.2644958496094,65.72631072998047,193.3885040283203,19.721845626831055,0.20284679532051086,31.17207145690918,6.474853992462158,14.651423454284668,15.174795150756836,10.813738822937012,1.3052008152008057,7.9008469581604,-8.520524978637695,8.615652084350586,-4.290262222290039,8.041741371154785,0.49108168482780457,8.874062538146973,-5.31445837020874,5.432804584503174,-9.256115913391113,7.932521343231201,-7.3159050941467285,7.928715229034424,-6.94060754776001,7.58031702041626
angry_009.wav,80.74951171875,0.036571916192770004,0.012571431696414948,0.04051674539728682,746.9742284005264,1320.1355832122092,0.41344061493873596,0.16743683815002441,0.16094744205474854,0.49029797315597534,0.14004750549793243,0.08684588968753815,0.03433157876133919,0.16313709318637848,0.3366936147212982,0.2177198827266693,0.34378883242607117,0.2012481987476349,-373.6611022949219,36.37782669067383,191.67001342773438,13.883162498474121,-11.322185516357422,20.376405715942383,0.31546810269355774,12.252069473266602,11.944454193115234,10.643360137939453,-4.419951438903809,10.906468391418457,-6.935362339019775,7.076088905334473,-18.800853729248047,7.3817009925842285,-15.189798355102539,6.2429609298706055,-5.621078014373779,7.001805305480957,-12.950406074523926,6.5261454582214355,-11.575932502746582,6.0061187744140625,-8.67742919921875,7.301990509033203
angry_010.wav,123.046875,0.043416064232587814,0.025150643661618233,0.06761559774709303,929.1671196205094,1288.2530886627908,0.25250154733657837,0.10149694979190826,0.27103951573371887,0.18115872144699097,0.07401920855045319,0.0134973656386137,0.0468171052634716,0.22328226268291473,0.10452289134263992,0.08422595262527466,0.09313666820526123,0.37648919224739075,-399.9566345214844,45.19983673095703,159.6091766357422,21.0854549407959,2.2186365127563477,29.966960906982422,-19.976430892944336,14.139347076416016,-10.10340404510498,12.577146530151367,-4.675670146942139,11.126164436340332,-7.560250282287598,13.824501037597656,-1.5911318063735962,18.466938018798828,0.20116619765758514,15.412007331848145,-14.040069580078125,10.867988586425781,-17.10283660888672,16.029003143310547,-7.041282653808594,13.514228820800781,2.193044900894165,13.718015670776367
angry_011.wav,143.5546875,0.02891378104686737,0.01260500866919756,0.053374818313953486,961.9787269468098,1840.1791310864826,0.14580292999744415,0.13669675588607788,0.32441312074661255,0.13633175194263458,0.30989399552345276,0.7397463917732239,0.22802267968654633,0.1432935893535614,0.1406835913658142,0.4036741256713867,0.38350909948349,0.14671099185943604,-335.5708312988281,50.04276657104492,188.6038818359375,11.783727645874023,-42.02294158935547,18.635541915893555,17.513080596923828,15.072930335998535,12.680950164794922,13.053791046142578,-9.43680191040039,8.179351806640625,-6.950332164764404,6.776484966278076,-8.232691764831543,6.358618259429932,-8.44046688079834,6.371720314025879,-7.426329135894775,5.577962875366211,-6.939744472503662,5.948781967163086,-12.204580307006836,7.654355525970459,-12.51295280456543,6.505230903625488
angry_012.wav,143.5546875,0.02044094353914261,0.009398698806762695,0.03196160368217054,471.6560742741323,637.5246979469476,0.514068067073822,0.21831148862838745,0.2923285961151123,0.17643392086029053,0.10428846627473831,0.15699736773967743,0.15191461145877838,0.21723200380802155,0.1532200574874878,0.1598159670829773,0.31945711374282837,0.29224222898483276,-506.1282043457031,44.35634231567383,190.51571655273438,22.758052825927734,68.41798400878906,22.50421714782715,9.72539234161377,14.050596237182617,2.1342804431915283,8.229348182678223,2.3440096378326416,6.86167049407959,-4.262944221496582,7.800861835479736,-4.6880340576171875,6.667659759521484,-4.85347318649292,6.734121322631836,-4.896358489990234,5.864640235900879,-7.683681011199951,5.8816819190979,-10.055601119995117,6.796477317810059,-6.271152973175049,6.632429599761963
angry_013.wav,161.4990234375,0.03998061642050743,0.020433902740478516,0.0463852046996124,842.5771967923038,1448.0327943313953,0.11913193017244339,0.11584918946027756,0.09470083564519882,0.23980635404586792,0.13805681467056274,0.28416532278060913,0.12085792422294617,0.133259579539299,0.4949619174003601,0.42840301990509033,0.22074434161186218,0.07079796493053436,-355.0941467285156,47.5886344909668,177.6273193359375,12.069218635559082,-14.213223457336426,21.737354278564453,4.5879435539245605,12.829203605651855,7.3822174072265625,9.465653419494629,-9.17585277557373,10.473182678222656,-9.1220064163208,9.043025970458984,-14.968677520751953,7.010004997253418,-20.1893253326416,7.563083171844482,-11.087944030761719,6.537316799163818,-6.386846542358398,7.920029163360596,-9.853933334350586,7.03371000289917,-12.95377254486084,7.4146223068237305
angry_014.wav,112.34714673913044,0.03331497684121132,0.015536827966570854,0.07585316739341086,1049.912874760529,1605.5673714571221,0.12911273539066315,0.1421683430671692,0.15336623787879944,0.6065651774406433,0.14848117530345917,0.15932925045490265,0.05542328208684921,0.18547123670578003,0.21605157852172852,0.11049360036849976,0.4121960997581482,0.09080243855714798,-368.35723876953125,44.568546295166016,175.63490295410156,15.106542587280273,-31.542356491088867,20.440576553344727,-16.059856414794922,12.483957290649414,-11.860430717468262,10.55406665802002,-19.56428337097168,11.151520729064941,-11.985095977783203,9.736440658569336,-9.315908432006836,9.834527969360352,-5.924835681915283,11.440108299255371,-7.679854869842529,12.435219764709473,-10.999160766601562,9.753231048583984,-4.667551040649414,10.488460540771484,-9.151532173156738,12.05935001373291
angry_015.wav,117.45383522727273,0.038527704775333405,0.025923170149326324,0.05002422480620155,777.593256842705,1218.5956804142443,0.20883364975452423,0.15856173634529114,0.14564697444438934,0.17345887422561646,0.545998752117157,0.14957331120967865,0.021318426355719566,0.02811671979725361,0.16033224761486053,0.3678019642829895,0.10015518963336945,0.0821651741862297,-401.9448547363281,70.07929992675781,160.1369171142578,19.684694290161133,16.537494659423828,32.34160232543945,1.0441582202911377,11.858007431030273,2.671104669570923,12.400064468383789,-2.5725579261779785,9.699633598327637,-12.615509986877441,11.440661430358887,-9.640442848205566,12.082402229309082,-13.770344734191895,9.334440231323242,-18.494260787963867,8.670851707458496,-13.308900833129883,10.782655715942383,-8.662412643432617,11.58170223236084,-9.293277740478516,13.281445503234863
calm_001.wav,143.5546875,0.045700352638959885,0.01986941136419773,0.04031954033430232,656.7248807339587,1050.7368504723838,0.24212178587913513,0.09923049807548523,0.12002240866422653,0.03959166258573532,0.17484253644943237,0.6080008149147034,0.18773595988750458,0.09617000818252563,0.0944472923874855,0.3419140875339508,0.3085253834724426,0.11690787225961685,-376.96002197265625,41.41093826293945,190.57916259765625,13.245429039001465,15.817266464233398,26.273340225219727,-1.949976921081543,10.64874267578125,9.906964302062988,9.036754608154297,-7.532767295837402,10.385047912597656,-10.431058883666992,9.517529487609863,-7.586514949798584,8.369775772094727,-14.567874908447266,7.492309093475342,-16.59714126586914,6.164670467376709,-12.85679817199707,6.027388572692871,-11.106087684631348,6.86073637008667,-10.25822925567627,8.700374603271484
calm_002.wav,117.45383522727273,0.03432597219944,0.015875736251473427,0.0416995972625969,577.0829387390905,740.5585710392442,0.34964364767074585,0.1883409172296524,0.2800404131412506,0.13232406973838806,0.3230811357498169,0.2166786789894104,0.09049558639526367,0.11761806160211563,0.12385836988687515,0.2717418968677521,0.1260155439376831,0.2404487282037735,-445.2770690917969,39.59883117675781,190.9245147705078,16.2674560546875,46.040042877197266,30.84001922607422,1.0653468370437622,12.92794418334961,1.204052209854126,8.518040657043457,-9.93537425994873,10.791853904724121,-18.479389190673828,10.544920921325684,-14.687899589538574,6.509128093719482,-12.466545104980469,6.364688396453857,-10.34825611114502,6.558276176452637,-4.238768577575684,8.400130271911621,-1.3517184257507324,11.320661544799805,-2.175274133682251,9.544779777526855
calm_003.wav,129.19921875,0.0338839516043663,0.016017138957977295,0.04046375363372093,612.0178595999708,1036.0809184229652,0.7612916827201843,0.29720720648765564,0.09208449721336365,0.062330711632966995,0.18190912902355194,0.19702836871147156,0.1361144781112671,0.39119723439216614,0.1907874196767807,0.04979676753282547,0.042808856815099716,0.2626097500324249,-427.4408874511719,34.68260955810547,183.1354522705078,19.302217483520508,29.136606216430664,20.97321128845215,-14.285184860229492,9.136454582214355,10.043712615966797,10.877662658691406,9.613724708557129,14.031469345092773,-10.534256935119629,8.724820137023926,-16.884878158569336,6.535343170166016,-13.399104118347168,6.854278564453125,-13.318401336669922,6.003557205200195,-13.21475601196289,6.340084552764893,-10.403786659240723,4.783278465270996,-9.453413963317871,6.825259685516357
calm_004.wav,135.99917763157896,0.03335772082209587,0.01281022559851408,0.025769894622093024,412.78628423349795,621.6752589026163,0.5458477139472961,0.2566371262073517,0.15056733787059784,0.15588317811489105,0.3403877317905426,0.24949932098388672,0.22660371661186218,0.552701473236084,0.3411535322666168,0.16388235986232758,0.10315028578042984,0.2737827003002167,-476.892578125,34.261783599853516,211.5189971923828,17.083965301513672,74.83103942871094,22.17919921875,6.1092424392700195,8.9052095413208,0.6792066693305969,10.612713813781738,2.783982753753662,6.388252258300781,-3.295525550842285,8.546327590942383,-4.178378582000732,7.281591892242432,-3.9489591121673584,6.208600997924805,-7.23640251159668,6.7196502685546875,-9.315153121948242,5.7575225830078125,-9.633461952209473,6.409185409545898,-8.730435371398926,6.507707118988037
calm_005.wav,71.77734375,0.04082199186086655,0.02998156100511551,0.03851668483527132,615.5434557926164,906.5728901707848,0.3420872688293457,0.14515149593353271,0.14386583864688873,0.11534042656421661,0.3048716187477112,0.22001788020133972,0.0767858549952507,0.18129223585128784,0.1719183325767517,0.30447840690612793,0.16014714539051056,0.12421507388353348,-394.9095458984375,46.42973709106445,149.028076171875,21.618661880493164,42.047706604003906,28.99421501159668,6.203779220581055,12.971208572387695,-1.0079439878463745,8.303046226501465,-7.789535045623779,7.451389789581299,-13.700366020202637,6.976400375366211,-14.859070777893066,6.7598090171813965,-10.767455101013184,6.222059726715088,-9.140894889831543,6.244272708892822,-10.61124038696289,6.274899005889893,-10.859977722167969,6.186187744140625,-10.057540893554688,7.238452911376953
calm_006.wav,78.30255681818181,0.06728066504001617,0.041064195334911346,0.046426462572674417,610.0014478479869,859.1163812681687,0.30188992619514465,0.10608018934726715,0.16229000687599182,0.09719889611005783,0.38570263981819153,0.41708284616470337,0.11074838787317276,0.1158171221613884,0.10795557498931885,0.2770269811153412,0.0951247587800026,0.0939030572772026,-370.33624267578125,60.18079376220703,180.16844177246094,21.454315185546875,35.45313262939453,35.941993713378906,3.3924472332000732,12.09656047821045,2.54862642288208,11.525006294250488,-10.362380027770996,9.173274993896484,-17.002737045288086,8.623692512512207,-12.57625675201416,7.955161094665527,-7.990594863891602,10.647592544555664,-7.8444600105285645,9.549616813659668,-5.589089870452881,7.789534568786621,-5.556914806365967,9.481328964233398,-9.160863876342773,10.495638847351074
calm_007.wav,172.265625,0.0410786047577858,0.02098764292895794,0.054799161216085274,813.5777872319317,1138.8226744186047,0.344975084066391,0.08706963062286377,0.09652737528085709,0.1002807468175888,0.41598188877105713,0.09661947935819626,0.14674338698387146,0.5244389772415161,0.10775746405124664,0.05757058784365654,0.05305496230721474,0.16995683312416077,-401.51312255859375,60.93598937988281,172.42982482910156,17.2120361328125,8.958772659301758,30.063194274902344,-1.0914382934570312,11.790213584899902,-12.026684761047363,9.359503746032715,-20.221181869506836,7.8318915367126465,-20.15423583984375,8.267618179321289,-15.042232513427734,7.625299453735352,-8.13440227508545,9.168644905090332,-4.154934883117676,9.511510848999023,-1.4154081344604492,10.462708473205566,-1.59470796585083,11.42487621307373,-5.151748180389404,11.719315528869629
calm_008.wav,172.265625,0.0780382826924324,0.0384814478456974,0.0389644652374031,584.3096402892666,873.2965797601744,0.4994194209575653,0.16872544586658478,0.12656794488430023,0.2775172293186188,0.10046564042568207,0.15195387601852417,0.11877662688493729,0.39703676104545593,0.37960052490234375,0.14558671414852142,0.13793659210205078,0.1570890247821808,-343.106201171875,53.338584899902344,182.20489501953125,17.782106399536133,32.68989944458008,32.56306838989258,1.2726763486862183,11.240029335021973,2.7465412616729736,10.135347366333008,-6.528871536254883,11.37865161895752,-13.051656723022461,6.9287590980529785,-13.996313095092773,8.486441612243652,-13.357409477233887,8.439718246459961,-12.954911231994629,8.944952011108398,-9.007918357849121,9.80938720703125,-7.475523948669434,11.306121826171875,-9.908125877380371,8.653036117553711
calm_009.wav,161.4990234375,0.05992720276117325,0.029214542359113693,0.040371396560077516,578.732832788954,905.8467705305233,0.22878320515155792,0.14541327953338623,0.2834174335002899,0.24426276981830597,0.44398951530456543,0.2689371407032013,0.16405703127384186,0.1666950136423111,0.22194327414035797,0.5278013944625854,0.18883556127548218,0.13930734992027283,-354.509765625,52.01067352294922,197.46766662597656,16.83612823486328,35.901920318603516,34.915706634521484,-2.000383138656616,11.912516593933105,2.7999322414398193,8.658931732177734,-4.044361114501953,10.43661117553711,-8.94918155670166,8.404526710510254,-7.583497524261475,7.872548580169678,-4.245448112487793,8.13962459564209,-7.52419900894165,6.928842067718506,-8.191837310791016,10.45760440826416,-1.8498960733413696,9.77271842956543,-4.35698127746582,7.204296588897705
calm_010.wav,95.703125,0.06504642218351364,0.02756035514175892,0.034216781734496125,538.6189515990841,833.7773096838663,0.1863468587398529,0.08491383492946625,0.17127370834350586,0.10234403610229492,0.28493189811706543,0.5326839089393616,0.2778416872024536,0.439603716135025,0.2839476764202118,0.3301818370819092,0.12798312306404114,0.057935938239097595,-375.3961486816406,47.22208786010742,193.5779571533203,16.5184326171875,31.538801193237305,31.528121948242188,0.23975329101085663,12.929669380187988,10.483819007873535,9.94721508026123,-1.7540444135665894,8.29063606262207,-11.768560409545898,7.791383743286133,-11.496813774108887,8.669913291931152,-13.97024154663086,7.678694725036621,-15.58984088897705,6.589147567749023,-10.183029174804688,7.657780647277832,-8.566230773925781,7.313210487365723,-11.515541076660156,7.405923843383789
calm_011.wav,107.666015625,0.06387625634670258,0.0403691790997982,0.04159020712209302,678.7202112525848,1120.152218840843,0.32977691292762756,0.1115458607673645,0.07431694120168686,0.0814366340637207,0.16968485713005066,0.2680703103542328,0.24747678637504578,0.6447625160217285,0.24131645262241364,0.16674815118312836,0.18172898888587952,0.14134518802165985,-339.4900817871094,55.049259185791016,179.77337646484375,18.4287052154541,10.135512351989746,30.519243240356445,0.4210717976093292,14.294114112854004,12.671853065490723,10.417787551879883,-5.305904865264893,11.5792875289917,-12.0357666015625,9.023272514343262,-8.528898239135742,7.2945380210876465,-11.318982124328613,8.209160804748535,-16.138641357421875,7.255928039550781,-14.301250457763672,8.556833267211914,-10.824809074401855,7.220369815826416,-6.817242622375488,6.515556335449219
calm_012.wav,135.99917763157896,0.06517919898033142,0.03337998315691948,0.04527313468992248,639.2817291197706,860.9275072674419,0.38610225915908813,0.11696285009384155,0.11898157000541687,0.22133766114711761,0.13344530761241913,0.4096072316169739,0.1300634741783142,0.12401407212018967,0.12140566855669022,0.08476392924785614,0.16426442563533783,0.11802499741315842,-391.1651306152344,46.41461181640625,184.41700744628906,24.207054138183594,19.165449142456055,23.126890182495117,-9.069865226745605,9.854496955871582,5.7979559898376465,14.63213062286377,-11.64681625366211,8.70751953125,-25.465673446655273,8.003655433654785,-18.83777618408203,6.601675987243652,-11.767945289611816,9.000590324401855,-11.398070335388184,12.309640884399414,-6.991756916046143,14.912676811218262,-4.20295524597168,14.223034858703613,-9.607168197631836,10.434394836425781
calm_013.wav,123.046875,0.06400159746408463,0.03475276753306389,0.043863932291666664,683.9613821319498,1051.245968840843,0.132338747382164,0.035865165293216705,0.06770463287830353,0.2706131935119629,0.13937225937843323,0.34841248393058777,0.11336420476436615,0.1693255752325058,0.24517637491226196,0.11076755076646805,0.22014836966991425,0.08068576455116272,-376.7149353027344,47.48492431640625,175.5994873046875,21.098751068115234,13.889225959777832,24.722076416015625,-8.534180641174316,10.588796615600586,6.852200508117676,8.904919624328613,-9.336141586303711,10.512158393859863,-19.663347244262695,8.545036315917969,-14.913568496704102,6.095538139343262,-12.934114456176758,7.176856994628906,-13.516809463500977,7.166963577270508,-10.110724449157715,9.119894981384277,-7.155890464782715,12.029801368713379,-7.670594215393066,10.888436317443848
calm_014.wav,135.99917763157896,0.037339143455028534,0.028647424653172493,0.06941618217054264,828.6055767517482,952.3017351017442,0.12494836002588272,0.17452947795391083,0.1705910861492157,0.24752888083457947,0.12673218548297882,0.38772037625312805,0.11986904591321945,0.08725525438785553,0.09280246496200562,0.049948446452617645,0.13335900008678436,0.0909544974565506,-442.2229309082031,50.37205505371094,141.78433227539062,36.787635803222656,28.51186180114746,32.814109802246094,-21.86532211303711,25.571504592895508,-17.38510513305664,16.914690017700195,-5.988776206970215,22.468564987182617,-4.5430192947387695,19.87070655822754,-5.2965826988220215,15.429576873779297,-5.357236862182617,14.984552383422852,-5.628586769104004,14.371438026428223,-3.1010894775390625,12.312400817871094,-2.1507270336151123,12.3306303024292,-5.087312698364258,12.24068546295166
calm_015.wav,143.5546875,0.05308970436453819,0.02756831981241703,0.06287624152131784,779.817891393711,1041.9733375726744,0.23194760084152222,0.09714987128973007,0.26485389471054077,0.10203489661216736,0.20743341743946075,0.2307334691286087,0.09414975345134735,0.2745801508426666,0.06738492101430893,0.1031578928232193,0.13065075874328613,0.17476032674312592,-398.6133117675781,41.566009521484375,176.81024169921875,21.682714462280273,12.174995422363281,26.883913040161133,-26.52799415588379,17.88816261291504,-11.250213623046875,11.362298011779785,-11.219626426696777,9.663843154907227,-10.755057334899902,9.537871360778809,-2.6533005237579346,12.168757438659668,-1.8837034702301025,17.90584373474121,-8.544620513916016,17.348100662231445,-7.592898368835449,15.253094673156738,-4.143942356109619,15.494871139526367,-4.897361755371094,13.388891220092773
happy_001.wav,103.359375,0.04438884183764458,0.030238518491387367,0.03813968628875969,503.70173165790686,697.1499704760174,0.2864950895309448,0.13372346758842468,0.2532360255718231,0.15565386414527893,0.14570201933383942,0.32608431577682495,0.1562219262123108,0.22881588339805603,0.12274934351444244,0.22760061919689178,0.3095301389694214,0.14840270578861237,-427.7780456542969,46.56097412109375,172.603759765625,27.913265228271484,63.27045822143555,26.427322387695312,6.1548686027526855,21.845726013183594,-0.9289529919624329,11.186746597290039,-2.0495803356170654,9.012903213500977,-7.496283531188965,10.627228736877441,-10.869616508483887,9.311824798583984,-12.37349796295166,7.763762950897217,-12.540053367614746,8.684394836425781,-10.475851058959961,9.188715934753418,-8.826855659484863,10.303534507751465,-8.798792839050293,8.834630966186523
happy_002.wav,184.5703125,0.06667372584342957,0.04756878316402435,0.05270522953003876,781.1907360707711,1134.0736850472383,0.3215755224227905,0.0918089747428894,0.16807608306407928,0.10753805190324783,0.31224578619003296,0.06974902749061584,0.1141737848520279,0.3257442116737366,0.11128970235586166,0.2218191921710968,0.07877348363399506,0.23043808341026306,-339.50604248046875,44.318267822265625,156.7254638671875,19.00801658630371,7.400349140167236,24.892946243286133,-15.247634887695312,13.489974975585938,-6.33927059173584,12.703006744384766,-18.333826065063477,11.213457107543945,-19.623186111450195,8.90196704864502,-12.016398429870605,9.216948509216309,-11.954998016357422,13.621566772460938,-14.216706275939941,12.279460906982422,-10.346773147583008,11.100698471069336,-5.88877534866333,10.935346603393555,-2.0452651977539062,9.697942733764648
happy_003.wav,92.28515625,0.05950840190052986,0.03728751093149185,0.07307791303294574,947.1861275466257,1565.0966342659883,0.39321190118789673,0.16832099854946136,0.19432178139686584,0.09788984805345535,0.2995052933692932,0.18139415979385376,0.12243080139160156,0.5315061211585999,0.20287320017814636,0.1609020233154297,0.10541417449712753,0.2689172625541687,-332.965087890625,79.74349212646484,184.09693908691406,30.51922035217285,-32.98833084106445,31.915306091308594,-0.5323916077613831,17.208009719848633,14.501084327697754,10.723910331726074,1.832810640335083,12.04126262664795,-5.735958576202393,7.566164016723633,-21.909454345703125,9.178885459899902,-17.232906341552734,6.873177528381348,-0.00640869140625,8.327932357788086,-2.407292604446411,7.765086650848389,-15.006339073181152,9.180891990661621,-11.996039390563965,7.568922519683838
happy_004.wav,117.45383522727273,0.02773280441761017,0.01934712752699852,0.04576747214147287,726.5393811131713,1200.6012672601744,0.43476372957229614,0.15101385116577148,0.23555037379264832,0.19617240130901337,0.20627935230731964,0.2517056465148926,0.12508420646190643,0.2649778723716736,0.12096958607435226,0.20963828265666962,0.2685621678829193,0.1904066503047943,-417.6641540527344,70.09725952148438,180.49794006347656,26.518177032470703,12.106014251708984,34.07821273803711,-0.9366301894187927,15.068964004516602,10.460524559020996,10.758588790893555,-2.700085401535034,10.883522987365723,-12.412582397460938,8.004755020141602,-11.12267017364502,7.606068134307861,-7.082644462585449,7.442644119262695,-5.627227306365967,7.861945629119873,-6.582722187042236,7.823000431060791,-5.788090229034424,8.296844482421875,-3.702880382537842,7.771274566650391
happy_005.wav,135.99917763157896,0.0447341687977314,0.017537210136651993,0.051712769500968994,920.947081132838,1616.2421647892443,0.47012460231781006,0.1652296483516693,0.27776411175727844,0.13418073952198029,0.16651758551597595,0.46077823638916016,0.12835486233234406,0.08060914278030396,0.038826413452625275,0.1584370881319046,0.3019321858882904,0.21422356367111206,-338.4588623046875,41.69469451904297,172.87640380859375,14.085904121398926,-24.29222297668457,16.768468856811523,4.4911885261535645,11.939237594604492,3.6360721588134766,12.336759567260742,-14.67206859588623,9.633623123168945,-19.90706443786621,9.106325149536133,-21.358041763305664,8.661843299865723,-20.989452362060547,8.799405097961426,-17.954376220703125,8.004884719848633,-11.406676292419434,9.455891609191895,-4.150383949279785,8.197515487670898,-4.470988750457764,8.932075500488281
happy_006.wav,123.046875,0.03223201632499695,0.017393359914422035,0.038724866763565895,499.26455037212884,667.0368709120639,0.6684859395027161,0.24812690913677216,0.1172446683049202,0.11214545369148254,0.3643898665904999,0.11436472833156586,0.05482182651758194,0.14013774693012238,0.13124500215053558,0.30346420407295227,0.10270611941814423,0.1945403516292572,-455.5435485839844,29.13311195373535,180.5537109375,20.017200469970703,70.59304809570312,13.766873359680176,5.357277870178223,12.351055145263672,-6.621320724487305,8.733692169189453,-6.228701114654541,7.139888286590576,-11.737686157226562,7.938612937927246,-13.833945274353027,6.92909049987793,-9.277372360229492,7.170586585998535,-4.249824047088623,6.260497570037842,-0.8035451769828796,7.13483190536499,-0.5582919716835022,7.78729248046875,-3.778712749481201,6.572361469268799
happy_007.wav,161.4990234375,0.0549960695207119,0.02472679689526558,0.0460460574127907,627.3652842168253,983.2494549418604,0.5049640536308289,0.1369074434041977,0.13722959160804749,0.22179760038852692,0.149097740650177,0.09131665527820587,0.08770683407783508,0.35275888442993164,0.25201451778411865,0.1089828759431839,0.23853380978107452,0.18413452804088593,-381.7439270019531,31.425432205200195,195.57034301757812,14.713714599609375,25.268083572387695,21.776866912841797,-15.769904136657715,11.589545249938965,2.543426275253296,12.141879081726074,-2.678154706954956,11.204082489013672,-9.116689682006836,11.530678749084473,-6.656976699829102,10.57375717163086,-12.390666961669922,10.252660751342773,-19.805984497070312,8.491238594055176,-13.837699890136719,8.554903984069824,-3.7746047973632812,9.626736640930176,-3.29878306388855,9.792313575744629
happy_008.wav,198.76802884615384,0.03170282393693924,0.014095941558480263,0.03206569464631783,531.4572919671274,789.8846293604652,0.08601024746894836,0.14805789291858673,0.5017196536064148,0.2294072061777115,0.14199097454547882,0.1875464767217636,0.15205740928649902,0.4140906035900116,0.20764727890491486,0.2665839195251465,0.22762015461921692,0.0823633074760437,-445.1986389160156,40.02684020996094,198.0399627685547,14.278230667114258,41.851200103759766,28.069080352783203,2.124330520629883,12.857552528381348,13.05159854888916,8.74868106842041,5.018429279327393,9.53207015991211,-9.57139778137207,9.007050514221191,-10.845401763916016,7.791182994842529,-10.950194358825684,6.440332412719727,-10.632628440856934,6.262321472167969,-8.654393196105957,5.94242525100708,-10.695806503295898,6.530165195465088,-12.066656112670898,7.611273288726807
happy_009.wav,161.4990234375,0.035640690475702286,0.016565395519137383,0.031856377180232556,504.9450640603255,765.9059888263081,0.1912960708141327,0.19473734498023987,0.4323265850543976,0.3776076138019562,0.19990834593772888,0.1645117700099945,0.24120500683784485,0.5391684770584106,0.3461151421070099,0.2742070257663727,0.39707258343696594,0.22536040842533112,-427.87060546875,40.42964172363281,214.2041015625,16.22140121459961,46.8228759765625,27.11642837524414,-7.48529577255249,12.027238845825195,9.012051582336426,11.600382804870605,4.577622413635254,8.649699211120605,-14.704717636108398,9.427559852600098,-14.411558151245117,6.629520893096924,-2.8164520263671875,7.031611442565918,0.30863603949546814,6.874800682067871,-6.430191516876221,6.093577861785889,-15.035758972167969,7.114748477935791,-14.959293365478516,5.734071254730225
happy_010.wav,161.4990234375,0.04840229079127312,0.01983000710606575,0.061601032582364344,1004.7986625603183,1681.2590843023256,0.40492427349090576,0.1404310017824173,0.4182507395744324,0.0888172909617424,0.08454084396362305,0.028627706691622734,0.10041981935501099,0.2404680997133255,0.06498311460018158,0.08596080541610718,0.09340957552194595,0.45875313878059387,-338.4478454589844,45.96730422973633,163.96595764160156,12.79505729675293,-28.15537452697754,21.632366180419922,-7.494540214538574,12.259061813354492,-3.3175876140594482,12.805940628051758,-17.02730369567871,10.073309898376465,-18.43843650817871,9.644100189208984,-13.3142671585083,7.114049911499023,-10.207047462463379,13.369860649108887,-12.861322402954102,10.253146171569824,-11.12441635131836,9.334820747375488,-2.4555792808532715,10.041130065917969,4.1677961349487305,10.338034629821777
happy_011.wav,112.34714673913044,0.05424300208687782,0.04244259372353554,0.07931315104166667,1072.1525616756333,1753.5038154069769,0.47850966453552246,0.1416381150484085,0.2704009711742401,0.14516444504261017,0.06437386572360992,0.11425066739320755,0.06528259813785553,0.10531590133905411,0.06262287497520447,0.15883098542690277,0.12023904174566269,0.2472633570432663,-334.1408386230469,58.85054016113281,147.8367156982422,20.223031997680664,-21.293701171875,30.540061950683594,-1.243727445602417,15.889004707336426,5.5894269943237305,13.615797996520996,-7.492640972137451,12.475637435913086,-14.6304931640625,7.592316150665283,-15.433977127075195,13.336298942565918,-4.722421646118164,12.330962181091309,-11.528844833374023,8.692121505737305,-13.9761381149292,8.02587604522705,0.48797333240509033,10.625258445739746,-0.47705474495887756,10.49988842010498
happy_012.wav,215.33203125,0.031129922717809677,0.022203637287020683,0.05593318495639535,866.3480660486831,1311.530648164971,0.12556828558444977,0.11849457770586014,0.31650057435035706,0.12277461588382721,0.06398312002420425,0.17119289934635162,0.10228148102760315,0.2669737637042999,0.14773327112197876,0.21410396695137024,0.3047884702682495,0.1047486737370491,-405.50140380859375,43.9791374206543,147.3065643310547,18.498088836669922,10.62333869934082,23.439022064208984,-8.40167236328125,12.829062461853027,-7.994564533233643,11.211530685424805,-18.34566307067871,8.878256797790527,-17.927995681762695,8.211469650268555,-13.312978744506836,7.706602096557617,-9.807287216186523,9.56816291809082,-8.063633918762207,10.177557945251465,-5.541729927062988,11.097942352294922,-4.093982219696045,12.66042423248291,-4.436866283416748,14.986458778381348
happy_013.wav,112.34714673913044,0.06386210769414902,0.031152550131082535,0.04274391351744186,607.7038067441782,887.818972565407,0.14545878767967224,0.40238234400749207,0.3837435245513916,0.1041032150387764,0.17296412587165833,0.07259538024663925,0.10854649543762207,0.08170228451490402,0.17086072266101837,0.4925145208835602,0.16670717298984528,0.09561394155025482,-368.5224304199219,48.95466995239258,193.12149047851562,18.5673770904541,29.3327579498291,32.000614166259766,3.219021797180176,12.460760116577148,8.213159561157227,9.081279754638672,-8.87792682647705,10.11721134185791,-15.2306489944458,7.8001909255981445,-12.850737571716309,7.231454372406006,-11.347646713256836,6.789134979248047,-7.118401050567627,5.552569389343262,0.9727003574371338,7.4082722663879395,4.752699375152588,9.550969123840332,3.6812167167663574,8.682958602905273
happy_014.wav,117.45383522727273,0.02698199823498726,0.016057945787906647,0.039192329820736435,550.56632701203,740.0411064680233,0.5124078989028931,0.14544640481472015,0.15649795532226562,0.0791410580277443,0.13363385200500488,0.12628653645515442,0.07237529754638672,0.15027612447738647,0.14901860058307648,0.3680935204029083,0.33223870396614075,0.20973889529705048,-469.61578369140625,40.069271087646484,183.44775390625,20.0259952545166,52.91515350341797,23.88365936279297,-0.32750311493873596,12.266684532165527,-1.4029345512390137,8.1033935546875,-4.069040298461914,7.33604621887207,-11.797027587890625,7.063051700592041,-12.294950485229492,6.749236106872559,-12.29368782043457,8.9330472946167,-13.0027437210083,9.577829360961914,-10.548041343688965,7.460825443267822,-7.780118942260742,8.998848915100098,-5.347046852111816,9.26875114440918
happy_015.wav,112.34714673913044,0.02741243503987789,0.009676449000835419,0.0410171390503876,739.2922430174381,1268.4558957122092,0.38672173023223877,0.2378711849451065,0.2462930828332901,0.09629470109939575,0.12364478409290314,0.28490176796913147,0.09889311343431473,0.17171336710453033,0.09439322352409363,0.2489573210477829,0.421649307012558,0.2518642842769623,-408.1236877441406,45.60590744018555,198.21957397460938,13.725136756896973,-8.531208038330078,24.622652053833008,2.3582091331481934,10.865596771240234,12.659880638122559,10.960580825805664,-6.752813339233398,8.562689781188965,-9.998676300048828,7.196521282196045,-7.608990669250488,7.0493550300598145,-6.462067127227783,6.26299524307251,-3.7509090900421143,7.0135722160339355,-8.380668640136719,5.628132343292236,-12.445459365844727,8.192924499511719,-13.936731338500977,6.270913600921631
sad_001.wav,78.30255681818181,0.05769456923007965,0.024481812492012978,0.03865673449612403,625.7329623949531,1048.7754928234012,0.37146517634391785,0.1154993325471878,0.04884883388876915,0.09116222709417343,0.15473315119743347,0.43623942136764526,0.11543924361467361,0.08923249691724777,0.14696423709392548,0.46995073556900024,0.3948824107646942,0.20530645549297333,-366.768798828125,42.2495231628418,189.35125732421875,14.969024658203125,17.052122116088867,24.56835174560547,-12.323945999145508,12.03702449798584,10.93359088897705,10.095947265625,3.528573989868164,10.377786636352539,-13.917399406433105,8.755216598510742,-15.030667304992676,8.066862106323242,-10.103947639465332,7.922150135040283,-12.097506523132324,9.467690467834473,-13.804658889770508,7.5552077293396,-11.429902076721191,8.136331558227539,-12.932364463806152,7.359968662261963
sad_002.wav,123.046875,0.06133011355996132,0.031287506222724915,0.045324612403100775,751.4274393141537,1233.5938067768896,0.3596070408821106,0.1160866767168045,0.15971781313419342,0.08977346122264862,0.10668212175369263,0.2943136990070343,0.10314056277275085,0.16044633090496063,0.09501490741968155,0.285912424325943,0.3585200607776642,0.15728126466274261,-358.8832092285156,59.28477478027344,183.41197204589844,18.41659164428711,-1.14601731300354,29.020212173461914,2.8962342739105225,11.033636093139648,8.770358085632324,10.930914878845215,-14.061443328857422,7.205339431762695,-17.209453582763672,8.410077095031738,-12.542224884033203,9.075032234191895,-17.422523498535156,8.110654830932617,-17.269071578979492,9.079706192016602,-10.693220138549805,8.665424346923828,-10.621768951416016,12.182059288024902,-8.608230590820312,10.406417846679688
sad_003.wav,107.666015625,0.05632460117340088,0.02974291332066059,0.057102031855620156,760.8924393008591,1096.7244276889535,0.4413648843765259,0.1286647617816925,0.16845063865184784,0.08977929502725601,0.3078695237636566,0.11837416887283325,0.13234853744506836,0.4483393728733063,0.14849735796451569,0.11070463061332703,0.04561690241098404,0.2119089514017105,-362.5263366699219,48.514190673828125,182.53326416015625,20.85666275024414,8.137377738952637,26.686628341674805,-10.614453315734863,15.973916053771973,0.17077352106571198,15.413820266723633,-12.442618370056152,11.157736778259277,-17.465478897094727,10.65402889251709,-11.60766887664795,12.438764572143555,-5.648743152618408,12.033652305603027,-11.467595100402832,10.213623046875,-13.414761543273926,15.047204971313477,-5.842731952667236,10.21245288848877,-3.783627510070801,12.551424026489258
sad_004.wav,67.99958881578948,0.050141770392656326,0.026648782193660736,0.053848716085271316,865.5328975023372,1462.4466865007269,0.0846571996808052,0.02126387692987919,0.034700922667980194,0.1712239533662796,0.6798675656318665,0.18315446376800537,0.07731544226408005,0.14939582347869873,0.20956014096736908,0.2676286995410919,0.17482444643974304,0.3477684259414673,-351.1160888671875,53.83918762207031,175.60206604003906,16.96641731262207,-16.29302978515625,22.038572311401367,6.177086353302002,14.526294708251953,4.254473686218262,12.695673942565918,-7.704914569854736,8.2926025390625,-7.697031497955322,8.635498046875,-8.055915832519531,7.110710620880127,-9.544108390808105,7.2236785888671875,-14.295907974243164,7.088338851928711,-11.218835830688477,8.014480590820312,-8.07726001739502,6.744150161743164,-10.649250984191895,6.592496395111084
sad_005.wav,161.4990234375,0.1086263507604599,0.042444027960300446,0.03436856528585271,522.9730165267914,794.8255813953489,0.12792643904685974,0.046470239758491516,0.006558663677424192,0.012360571883618832,0.1405671387910843,0.6529600620269775,0.32512372732162476,0.6082620024681091,0.17048592865467072,0.007890423759818077,0.0030314926989376545,0.028750181198120117,-340.9751892089844,30.476837158203125,199.80422973632812,18.411571502685547,23.37175750732422,14.879520416259766,-14.153124809265137,7.35488748550415,14.9271240234375,9.02323055267334,1.4478458166122437,5.807656288146973,-18.260929107666016,5.489415168762207,-11.655017852783203,6.863038063049316,-13.0032958984375,6.189513206481934,-22.20355987548828,6.098667144775391,-13.442127227783203,6.156161308288574,-5.660834789276123,5.42361307144165,-17.536073684692383,5.438948154449463
sad_006.wav,73.828125,0.05764355510473251,0.015919320285320282,0.03678044755329457,592.0861720274812,930.6850699491279,0.10407958179712296,0.28515389561653137,0.5271754860877991,0.19407440721988678,0.14461371302604675,0.12171787023544312,0.44536474347114563,0.14187578856945038,0.11671840399503708,0.3792029023170471,0.21084216237068176,0.18255233764648438,-376.7977294921875,31.215896606445312,211.99266052246094,11.26030445098877,14.535401344299316,22.445758819580078,-6.189725875854492,8.67740535736084,15.616476058959961,7.671205043792725,-5.416536331176758,7.201611042022705,-23.406246185302734,7.861998081207275,-18.655384063720703,5.83312463760376,-10.70865249633789,5.9608588218688965,-11.918066024780273,8.023489952087402,-11.119722366333008,6.679382801055908,-9.365535736083984,6.116652965545654,-15.710583686828613,6.109283447265625
sad_007.wav,95.703125,0.041266798973083496,0.024219630286097527,0.035787609011627905,474.08773560863705,675.5166129178779,0.33429017663002014,0.1268441081047058,0.26782137155532837,0.32288408279418945,0.209944948554039,0.12718041241168976,0.18054142594337463,0.42519938945770264,0.18961559236049652,0.14037682116031647,0.1795654594898224,0.13961832225322723,-421.40289306640625,44.391693115234375,168.3279571533203,21.413969039916992,67.80326843261719,30.562150955200195,17.380081176757812,18.733861923217773,7.8536505699157715,7.906932353973389,4.482489585876465,9.247598648071289,-4.206125259399414,11.813399314880371,-9.684856414794922,10.157173156738281,-10.819554328918457,8.600820541381836,-11.171476364135742,9.697198867797852,-7.3636627197265625,7.088236331939697,-2.3991334438323975,7.927604675292969,-2.657778739929199,8.212499618530273
sad_008.wav,64.599609375,0.07430505752563477,0.042024943977594376,0.04505246184593023,668.7504784096877,1079.4060569585756,0.17925883829593658,0.05363665893673897,0.15958252549171448,0.4981151819229126,0.19721756875514984,0.3940034806728363,0.10774783045053482,0.13542073965072632,0.23597094416618347,0.09800173342227936,0.16888511180877686,0.0848495289683342,-328.41632080078125,41.6007194519043,179.7942657470703,18.535499572753906,15.220675468444824,21.805326461791992,-9.132401466369629,9.227306365966797,12.591194152832031,7.565398693084717,-6.001689910888672,10.157951354980469,-25.012975692749023,8.441591262817383,-19.826322555541992,6.718079566955566,-12.756954193115234,6.27316427230835,-12.158326148986816,5.562229156494141,-8.460489273071289,6.718976974487305,-5.500077724456787,7.48138427734375,-8.441246032714844,6.271134853363037
sad_009.wav,103.359375,0.06975041329860687,0.05112364888191223,0.04917257146317829,701.1056631002012,1023.837038971657,0.34278130531311035,0.14757350087165833,0.13620643317699432,0.03839360177516937,0.05884359031915665,0.19272096455097198,0.09382383525371552,0.23192711174488068,0.20369449257850647,0.3595539331436157,0.10008909553289413,0.09112311899662018,-378.3371276855469,47.804351806640625,149.2340087890625,18.97991943359375,25.790531158447266,30.937896728515625,-1.8041619062423706,14.323419570922852,0.027164146304130554,10.189285278320312,-9.350213050842285,8.000356674194336,-14.380820274353027,9.820791244506836,-12.10428524017334,10.872005462646484,-8.570530891418457,11.334014892578125,-11.100008010864258,12.618182182312012,-10.846590042114258,12.908831596374512,-1.1381680965423584,9.473424911499023,5.299145221710205,14.102367401123047
sad_010.wav,112.34714673913044,0.05072231963276863,0.02314840815961361,0.04053302143895349,660.2067784029415,1087.4851812318313,0.26857930421829224,0.13211482763290405,0.2696959376335144,0.07127049565315247,0.08947822451591492,0.23612114787101746,0.06199744716286659,0.0949905589222908,0.31861066818237305,0.3138614296913147,0.32819849252700806,0.16193948686122894,-382.38555908203125,62.41924285888672,193.7427520751953,17.713136672973633,6.091399669647217,39.24702072143555,5.330432415008545,11.639129638671875,18.222064971923828,10.206344604492188,-1.5412108898162842,10.105541229248047,-12.255187034606934,8.92931079864502,-19.94876480102539,9.599700927734375,-15.372632026672363,7.0890302658081055,-7.458109378814697,6.942319869995117,-8.326109886169434,5.668408393859863,-11.475793838500977,8.600557327270508,-10.904186248779297,7.632391452789307
sad_011.wav,172.265625,0.06417462229728699,0.024312905967235565,0.04657332546027132,793.183254252781,1386.1874318677326,0.07321354001760483,0.05135118216276169,0.050198912620544434,0.19137203693389893,0.4111059308052063,0.741860568523407,0.20427998900413513,0.028668291866779327,0.10252738744020462,0.2926824986934662,0.3526572287082672,0.09286724776029587,-327.7477722167969,37.830631256103516,202.13430786132812,13.023177146911621,-25.102794647216797,17.321285247802734,-9.724645614624023,17.086414337158203,15.195209503173828,10.362663269042969,0.6429888010025024,8.51006031036377,-4.43986701965332,6.481456279754639,-13.811203956604004,7.07208776473999,-24.63760757446289,6.674563884735107,-23.024417877197266,5.821361541748047,-9.077017784118652,5.493403911590576,-2.982597589492798,5.947813510894775,-10.504895210266113,5.434503555297852
sad_012.wav,69.83741554054055,0.05334897339344025,0.04521893337368965,0.040173055959302324,556.7702172931438,718.5997115734011,0.22274795174598694,0.10153595358133316,0.21025489270687103,0.2654401957988739,0.09586414694786072,0.04936947673559189,0.10548336803913116,0.36296671628952026,0.0994630828499794,0.15762002766132355,0.31858131289482117,0.133146733045578,-409.76171875,41.96419143676758,147.6138916015625,34.181888580322266,54.14352035522461,13.598055839538574,1.6466424465179443,13.253973007202148,-6.780022144317627,10.632377624511719,-9.939064025878906,10.826684951782227,-16.8483943939209,8.466872215270996,-16.082483291625977,8.252994537353516,-10.857721328735352,9.455760955810547,-10.232417106628418,8.759510040283203,-11.646102905273438,8.338473320007324,-11.201475143432617,8.760866165161133,-9.359204292297363,10.17496395111084
sad_013.wav,143.5546875,0.06298040598630905,0.0409674309194088,0.056471808381782944,810.349705631725,1197.8136355377908,0.24083147943019867,0.0834847018122673,0.16193634271621704,0.1184311956167221,0.2871057987213135,0.09471464902162552,0.08365301042795181,0.26744672656059265,0.09637713432312012,0.15346656739711761,0.08306410163640976,0.2714136838912964,-364.00274658203125,57.85078811645508,156.3375244140625,25.022607803344727,10.237016677856445,28.62099838256836,-2.290264368057251,13.31530475616455,-1.4467830657958984,10.643197059631348,-15.457499504089355,8.143150329589844,-11.872573852539062,7.818448543548584,-4.408170223236084,9.690489768981934,-2.5373997688293457,9.732684135437012,0.21998225152492523,11.698357582092285,4.951773166656494,14.552802085876465,4.724217414855957,14.23034381866455,1.1587485074996948,11.326597213745117
sad_014.wav,117.45383522727273,0.0688529908657074,0.02403855510056019,0.04151412609011628,629.8732445602245,1021.03271484375,0.22200560569763184,0.13916517794132233,0.1441008299589157,0.37679964303970337,0.1353147327899933,0.1595488339662552,0.047071851789951324,0.2522149980068207,0.7467414736747742,0.21363678574562073,0.1448984593153,0.09137975424528122,-340.8497009277344,47.32106018066406,211.9657440185547,14.553306579589844,7.799942493438721,28.09197998046875,-2.8846328258514404,10.11460018157959,16.92976188659668,8.900456428527832,-5.638068675994873,11.516509056091309,-14.821266174316406,7.117009162902832,-11.541053771972656,6.71160888671875,-13.890629768371582,6.39155387878418,-15.842804908752441,5.877490997314453,-8.725643157958984,5.885541915893555,-5.057005882263184,7.301154613494873,-11.236557960510254,5.404871463775635
sad_015.wav,117.45383522727273,0.04320541396737099,0.015903359279036522,0.05577269561531008,729.11630504755,1142.6035042696221,0.32160142064094543,0.06184116378426552,0.08980110287666321,0.043372321873903275,0.2276441901922226,0.3256177306175232,0.09829793125391006,0.35936880111694336,0.5170667767524719,0.23179984092712402,0.13935615122318268,0.5003834366798401,-391.02685546875,42.780921936035156,179.30140686035156,13.278495788574219,21.572277069091797,31.259117126464844,-17.363237380981445,13.810518264770508,-6.791739463806152,7.934625148773193,-2.660130739212036,10.571589469909668,-6.577270984649658,10.372695922851562,-8.292255401611328,10.966836929321289,-10.137412071228027,8.158860206604004,-8.318042755126953,11.298847198486328,0.6352701783180237,15.278597831726074,-2.162994623184204,11.914851188659668,-7.074563026428223,12.649100303649902
