tempo,rms_mean,rms_std,zcr_mean,spectral_centroid_mean,spectral_rolloff_mean,chroma_1_mean,chroma_2_mean,chroma_3_mean,chroma_4_mean,chroma_5_mean,chroma_6_mean,chroma_7_mean,chroma_8_mean,chroma_9_mean,chroma_10_mean,chroma_11_mean,chroma_12_mean,mfcc_1_mean,mfcc_1_std,mfcc_2_mean,mfcc_2_std,mfcc_3_mean,mfcc_3_std,mfcc_4_mean,mfcc_4_std,mfcc_5_mean,mfcc_5_std,mfcc_6_mean,mfcc_6_std,mfcc_7_mean,mfcc_7_std,mfcc_8_mean,mfcc_8_std,mfcc_9_mean,mfcc_9_std,mfcc_10_mean,mfcc_10_std,mfcc_11_mean,mfcc_11_std,mfcc_12_mean,mfcc_12_std,mfcc_13_mean,mfcc_13_std,emotion,file
143.5546875,0.1434277892112732,0.05529877543449402,0.03957727713178295,639.3866045935274,995.1678324854652,0.4567481577396393,0.5209792852401733,0.3040976822376251,0.3803744912147522,0.11940934509038925,0.06615390628576279,0.042325906455516815,0.12651696801185608,0.2673560678958893,0.20129938423633575,0.3190723955631256,0.19847804307937622,-267.8547668457031,30.897878646850586,206.0966796875,19.090288162231445,14.276243209838867,16.958900451660156,-16.926513671875,7.849775791168213,15.374922752380371,11.062760353088379,-0.25259166955947876,13.120562553405762,-24.484193801879883,6.910069465637207,-18.252859115600586,5.827022552490234,-10.454015731811523,6.110466003417969,-12.416996955871582,7.856690406799316,-11.672207832336426,8.747279167175293,-8.43210506439209,7.949739456176758,-7.516104221343994,6.2627105712890625,Angry,angry_01.wav
151.99908088235293,0.16587556898593903,0.0778815895318985,0.05008289425872093,848.6551002101612,1510.9381245457848,0.19074785709381104,0.6332982778549194,0.3197709918022156,0.6593007445335388,0.1543014943599701,0.0493495836853981,0.10479866713285446,0.1522635817527771,0.5198303461074829,0.1707262396812439,0.14317786693572998,0.07315628975629807,-215.15380859375,60.9422607421875,197.68064880371094,15.441621780395508,-33.50319290161133,20.396278381347656,-0.2576534152030945,16.637489318847656,12.593865394592285,9.799358367919922,-5.409290313720703,6.296021461486816,-20.563472747802734,7.004286289215088,-16.087209701538086,5.446221828460693,-12.909337043762207,4.9540581703186035,-17.631359100341797,6.344033241271973,-17.051904678344727,4.97947883605957,-10.389249801635742,5.427932262420654,-10.571125984191895,6.8984527587890625,Angry,angry_02.wav
117.45383522727273,0.14575529098510742,0.07209748774766922,0.06942261688468992,841.9687754506059,1353.1114303234012,0.540478527545929,0.4274260401725769,0.15222397446632385,0.09382732212543488,0.21213123202323914,0.10578292608261108,0.1574256420135498,0.22358384728431702,0.5100112557411194,0.31777718663215637,0.18313920497894287,0.2436419129371643,-249.62722778320312,47.151145935058594,192.94192504882812,21.906436920166016,-4.624313831329346,24.567007064819336,-19.286800384521484,16.081911087036133,9.499124526977539,13.685834884643555,12.071374893188477,9.74687385559082,0.522210955619812,11.014562606811523,-0.8802356123924255,11.062338829040527,0.17008653283119202,11.816848754882812,-0.05371879041194916,9.943758964538574,4.111268520355225,12.954456329345703,1.6509805917739868,9.601543426513672,-1.4532790184020996,10.882683753967285,Angry,angry_03.wav
135.99917763157896,0.14611823856830597,0.05221221596002579,0.043097444282945735,661.4194949158016,1100.4301417151162,0.18572433292865753,0.291898638010025,0.11418944597244263,0.1824599802494049,0.292440801858902,0.24885369837284088,0.5192127823829651,0.2979545593261719,0.4742313027381897,0.2633868455886841,0.12925192713737488,0.1923193335533142,-256.20977783203125,39.71798324584961,222.30462646484375,16.96680450439453,7.875466346740723,23.713716506958008,-8.500537872314453,9.605128288269043,24.8072452545166,14.334855079650879,-1.0471781492233276,7.298635959625244,-25.6290340423584,7.710814476013184,-9.284125328063965,6.797797679901123,-3.7423651218414307,8.159303665161133,-3.6824052333831787,9.324092864990234,0.06564033031463623,10.392659187316895,-1.0116004943847656,8.368428230285645,-9.359219551086426,9.166082382202148,Angry,angry_04.wav
123.046875,0.11944811791181564,0.06019926443696022,0.05802219597868217,911.4719898001764,1570.6635515079943,0.0706145316362381,0.09394961595535278,0.04909208416938782,0.14986178278923035,0.237815722823143,0.7357107996940613,0.5445878505706787,0.10380362719297409,0.035854119807481766,0.0765773132443428,0.03234236314892769,0.02214503102004528,-243.2911376953125,46.15681838989258,175.07028198242188,13.951244354248047,-21.359071731567383,22.036861419677734,-3.7262279987335205,14.357016563415527,4.062804698944092,14.129571914672852,-14.387711524963379,7.8324456214904785,-26.306583404541016,8.889105796813965,-5.171506404876709,7.126368999481201,7.915644645690918,6.538589000701904,-7.225992679595947,6.571918964385986,-1.1947758197784424,5.698225498199463,0.5256144404411316,6.5174560546875,-13.992086410522461,5.594295978546143,Angry,angry_05.wav
123.046875,0.0704546719789505,0.05648326128721237,0.07311954941860466,972.8351727173759,1514.9860328851744,0.3513975739479065,0.3856619894504547,0.44847142696380615,0.29981911182403564,0.2192319631576538,0.2806181013584137,0.1727573722600937,0.12393086403608322,0.2747819721698761,0.20319876074790955,0.26546499133110046,0.41242343187332153,-310.5466003417969,79.18611907958984,186.02577209472656,37.55721664428711,-23.757661819458008,46.21769332885742,-22.35084342956543,27.308427810668945,15.563414573669434,17.84616470336914,18.28538703918457,12.868759155273438,-3.37328839302063,16.574491500854492,-6.5683088302612305,10.003994941711426,-3.4909474849700928,8.71741008758545,-11.997808456420898,9.190070152282715,-9.41062068939209,8.373868942260742,-3.1500039100646973,7.187316417694092,-6.475300312042236,6.2605743408203125,Angry,angry_06.wav
107.666015625,0.10869883745908737,0.0641254410147667,0.04588783914728682,764.3098096363739,1329.0326353561047,0.38205230236053467,0.620212972164154,0.2919607162475586,0.7041494250297546,0.20784297585487366,0.06811203807592392,0.1342121958732605,0.3364834487438202,0.1532316952943802,0.1867043823003769,0.5226041674613953,0.1600184142589569,-251.27964782714844,75.49609375,200.34103393554688,19.60083770751953,-6.958889961242676,23.713178634643555,-5.518787860870361,20.74449348449707,8.725050926208496,15.617289543151855,3.9651525020599365,8.385777473449707,-12.376742362976074,7.850133895874023,-14.840676307678223,5.943091869354248,-12.58449649810791,7.146951675415039,-11.126236915588379,5.33266019821167,-7.3917059898376465,6.462425708770752,-0.4124859869480133,7.283566951751709,-5.58466100692749,5.407321929931641,Angry,angry_07.wav
129.19921875,0.16505862772464752,0.05145924165844917,0.04437076065891473,662.752102192663,1081.0419126998547,0.33812662959098816,0.5769843459129333,0.3761187791824341,0.7521244883537292,0.2899667024612427,0.039300501346588135,0.14640086889266968,0.5571295619010925,0.12501172721385956,0.23381662368774414,0.5759310722351074,0.15643037855625153,-235.17437744140625,37.238197326660156,234.50930786132812,14.447214126586914,-5.3795037269592285,18.66336441040039,-14.179560661315918,14.912114143371582,19.110509872436523,8.924649238586426,-6.2179999351501465,8.467560768127441,-23.34303092956543,6.465305328369141,-7.861959457397461,5.865789890289307,-1.9904552698135376,5.841141223907471,-11.87356948852539,4.657435417175293,-11.499388694763184,5.354806900024414,-7.482880592346191,4.928582191467285,-10.615482330322266,5.594072341918945,Angry,angry_08.wav
143.5546875,0.1055111214518547,0.04801858961582184,0.04236275133236434,753.1571652359166,1326.3201194585756,0.2774912714958191,0.6157176494598389,0.24931366741657257,0.21912123262882233,0.1657690554857254,0.2477407455444336,0.23934383690357208,0.405181884765625,0.44366616010665894,0.3647209405899048,0.37241852283477783,0.2590484917163849,-251.39108276367188,55.71311569213867,195.7867431640625,24.435510635375977,7.394334316253662,21.56077766418457,-1.7632880210876465,19.057348251342773,7.681610107421875,13.458780288696289,4.615055084228516,8.108329772949219,-11.77703857421875,9.443995475769043,0.17973698675632477,8.344861030578613,2.1937174797058105,8.032310485839844,-4.751436233520508,8.075098991394043,-5.184168338775635,9.791302680969238,-1.654076337814331,9.384377479553223,-0.9369623064994812,9.091886520385742,Angry,angry_09.wav
103.359375,0.12639039754867554,0.07648847997188568,0.05140693132267442,890.1411115510916,1554.3216865007269,0.08211563527584076,0.22468110918998718,0.23460139334201813,0.4145907163619995,0.17147675156593323,0.12816990911960602,0.27050143480300903,0.30851587653160095,0.20062953233718872,0.11579480022192001,0.16598670184612274,0.059242356568574905,-270.0320129394531,61.362159729003906,162.8311004638672,29.42887306213379,-14.001456260681152,27.722164154052734,-8.048778533935547,14.675639152526855,6.631613254547119,9.954710960388184,-14.291666984558105,10.166096687316895,-21.535404205322266,9.957062721252441,-14.739914894104004,7.926531791687012,-11.179388999938965,6.107903003692627,-14.21377182006836,6.667962074279785,-9.989473342895508,9.22177791595459,-5.311078071594238,13.899057388305664,-7.828411102294922,13.684017181396484,Angry,angry_10.wav
80.74951171875,0.1988961100578308,0.05529378354549408,0.034164546996124034,632.98050164701,1155.5901957667152,0.38795143365859985,0.8034244179725647,0.34268951416015625,0.11373289674520493,0.040581103414297104,0.03115130215883255,0.033612485975027084,0.1762889325618744,0.44136613607406616,0.2161032259464264,0.11442423611879349,0.18781748414039612,-244.05484008789062,25.02613067626953,216.59825134277344,14.662111282348633,-9.446151733398438,13.903179168701172,-14.077919006347656,16.69609832763672,29.446523666381836,7.690110206604004,0.10031946748495102,6.71430778503418,-23.300769805908203,5.739315032958984,-12.846365928649902,6.501743316650391,-6.101871967315674,5.555736541748047,-9.993629455566406,4.042758941650391,-8.924858093261719,3.9932570457458496,-7.252510070800781,4.6578369140625,-11.294463157653809,4.6007914543151855,Angry,angry_11.wav
129.19921875,0.09793829172849655,0.05304915830492973,0.05667620518410853,986.4422206061888,1612.6699900072674,0.08169646561145782,0.3118935823440552,0.22767268121242523,0.46579083800315857,0.11833827197551727,0.07759547233581543,0.20030651986598969,0.06600680947303772,0.09623754024505615,0.14202168583869934,0.3820163607597351,0.10805705189704895,-275.23101806640625,56.5601692199707,162.2091064453125,17.66484260559082,-7.230770111083984,29.896163940429688,-6.956470489501953,9.77000617980957,0.3241499662399292,12.45654010772705,-14.63601303100586,9.949616432189941,-22.50528335571289,8.279478073120117,-13.841145515441895,9.02000617980957,-10.733047485351562,11.628204345703125,-9.114630699157715,11.761334419250488,-8.646698951721191,9.726101875305176,-6.852317810058594,9.097062110900879,-7.079256534576416,15.477014541625977,Angry,angry_12.wav
143.5546875,0.1795777976512909,0.05269690603017807,0.05796920421511628,739.9485907437537,1189.4674327761627,0.20249207317829132,0.5611153244972229,0.16198723018169403,0.12355836480855942,0.0470857173204422,0.04776609688997269,0.0464966781437397,0.0725691169500351,0.20622478425502777,0.17921969294548035,0.5799201130867004,0.13903090357780457,-229.76235961914062,26.22083282470703,216.35244750976562,11.282522201538086,-9.32324504852295,14.953783988952637,-17.541030883789062,9.647117614746094,16.496082305908203,7.056865692138672,-3.3962504863739014,7.5251383781433105,-9.948657035827637,5.764590740203857,2.6097073554992676,6.210760593414307,1.4497102499008179,7.209526062011719,-12.193071365356445,6.891188621520996,-15.521720886230469,7.4767608642578125,-8.620210647583008,8.743430137634277,-3.2060604095458984,9.283391952514648,Angry,angry_13.wav
161.4990234375,0.14127250015735626,0.07870008051395416,0.03081660307655039,579.2885009509941,1043.6592705305231,0.21464796364307404,0.3398198187351227,0.33277440071105957,0.48581960797309875,0.5089275240898132,0.2978205680847168,0.2396063208580017,0.18095992505550385,0.3235243856906891,0.3136313259601593,0.3102862238883972,0.3283623158931732,-262.3038635253906,45.105934143066406,207.39999389648438,33.87729263305664,11.469841957092285,16.607017517089844,-11.203391075134277,7.669431686401367,30.029857635498047,11.896038055419922,8.86662483215332,11.000377655029297,-16.571802139282227,7.627516746520996,-5.967441082000732,9.2976713180542,0.1014278456568718,7.239931583404541,-5.474426746368408,5.24657678604126,-1.7166835069656372,6.045221328735352,3.020242929458618,6.225372791290283,-1.1490930318832397,6.330043792724609,Angry,angry_14.wav
123.046875,0.12424340099096298,0.04585088789463043,0.04322083938953488,736.9309387069878,1355.6820607739826,0.36860525608062744,0.29398617148399353,0.2816329002380371,0.5238043665885925,0.3283308744430542,0.30594852566719055,0.4933103024959564,0.41549447178840637,0.2960634231567383,0.16281720995903015,0.22666721045970917,0.18915830552577972,-224.24728393554688,42.035675048828125,216.4756317138672,13.137316703796387,-16.011476516723633,21.19643211364746,-4.953671932220459,15.12590217590332,23.415800094604492,10.35123348236084,0.17798712849617004,7.439969062805176,-10.324407577514648,6.516507148742676,-1.5990798473358154,6.2649760246276855,-6.530644416809082,6.015111446380615,-12.108253479003906,5.717979431152344,-7.9171671867370605,5.6549906730651855,-6.023674011230469,4.776614665985107,-7.591544151306152,5.523874282836914,Angry,angry_15.wav
78.30255681818181,0.10951868444681168,0.05159009248018265,0.04591849866763566,596.7532267196951,831.4987963299419,0.17002131044864655,0.5006755590438843,0.2132950723171234,0.37730371952056885,0.21611668169498444,0.18608367443084717,0.1013290137052536,0.08966470509767532,0.20237821340560913,0.16006019711494446,0.38371723890304565,0.13649684190750122,-306.23675537109375,27.123369216918945,200.35498046875,16.33730125427246,34.5532112121582,13.820343971252441,-21.464092254638672,8.799114227294922,-3.5454177856445312,11.828675270080566,-8.632649421691895,9.544276237487793,-26.779329299926758,7.623644828796387,-21.477243423461914,6.90208625793457,-10.225356101989746,6.3794941902160645,-9.861069679260254,5.534862995147705,-6.285359859466553,6.739290237426758,2.610692262649536,7.859720706939697,2.0160512924194336,7.1202263832092285,Calm,calm_01.wav
143.5546875,0.19801349937915802,0.05082547664642334,0.041725336119186045,586.2336392094962,832.4168786337209,0.15365836024284363,0.05422274023294449,0.11436822265386581,0.3295859694480896,0.19590339064598083,0.5653122067451477,0.1799258440732956,0.28868889808654785,0.21636813879013062,0.1713520735502243,0.32339686155319214,0.12911544740200043,-253.99868774414062,22.652076721191406,222.72320556640625,10.48816204071045,16.493146896362305,14.787958145141602,-9.36726188659668,8.399822235107422,18.157512664794922,7.162084579467773,-11.344965934753418,9.233725547790527,-26.555641174316406,9.692648887634277,-8.21499252319336,6.727943420410156,-6.3994975090026855,6.675019264221191,-11.822681427001953,6.848500728607178,-2.095343828201294,6.583307266235352,-0.40173694491386414,8.131673812866211,-12.133544921875,7.767411231994629,Calm,calm_02.wav
99.38401442307692,0.13607068359851837,0.05999969318509102,0.04544687197189923,634.1307316184598,915.5784429505813,0.23166868090629578,0.37468740344047546,0.16964520514011383,0.4077167809009552,0.14127196371555328,0.22762297093868256,0.07727250456809998,0.1398565024137497,0.4788639545440674,0.1223716288805008,0.10257888585329056,0.22874131798744202,-280.8239440917969,34.28901672363281,206.91123962402344,18.15422248840332,29.075485229492188,17.9086856842041,-20.731700897216797,10.09756851196289,1.8118709325790405,9.217046737670898,-4.4491190910339355,7.601629257202148,-22.23699378967285,9.266290664672852,-18.622821807861328,7.263045787811279,-14.568286895751953,7.671817779541016,-16.46917724609375,7.1294684410095215,-9.32280158996582,8.056600570678711,-2.0034523010253906,7.348427772521973,-5.177305221557617,7.305359363555908,Calm,calm_03.wav
92.28515625,0.11467859894037247,0.06978421658277512,0.04003679142441861,561.9700481945843,758.6531386264535,0.2630428373813629,0.383521169424057,0.18932661414146423,0.2385498285293579,0.25091353058815,0.6075431108474731,0.28403541445732117,0.2318369746208191,0.36535459756851196,0.16966888308525085,0.16106478869915009,0.11698984354734421,-314.5160217285156,51.11381149291992,191.62571716308594,42.976776123046875,62.2436408996582,13.553372383117676,-2.764883518218994,16.064083099365234,-3.979477882385254,10.99213695526123,-6.047700881958008,9.428389549255371,-19.355308532714844,8.455206871032715,-16.930484771728516,6.29757022857666,-2.599660873413086,5.304827690124512,1.3000329732894897,5.976736545562744,-6.627710819244385,4.768063545227051,-12.417658805847168,5.157785415649414,-10.734633445739746,5.766477584838867,Calm,calm_04.wav
123.046875,0.09643357247114182,0.059543367475271225,0.038189649951550386,514.7229426325729,668.2136855014535,0.08527897298336029,0.431351900100708,0.5427865386009216,0.15595586597919464,0.14547842741012573,0.0500175766646862,0.0290856771171093,0.09614243358373642,0.21638883650302887,0.6037808656692505,0.17322255671024323,0.05238013342022896,-341.0108947753906,34.524478912353516,177.5067901611328,24.711685180664062,61.75851058959961,13.082015037536621,-2.7286949157714844,11.266085624694824,-9.649073600769043,8.58184814453125,-7.120556354522705,8.126195907592773,-13.326550483703613,5.351123332977295,-18.06388282775879,7.1586503982543945,-17.76980972290039,6.277467250823975,-16.468671798706055,5.991636276245117,-13.579666137695312,7.4323015213012695,-8.402520179748535,8.8397855758667,-3.390874147415161,8.313584327697754,Calm,calm_05.wav
69.83741554054055,0.1255165934562683,0.04624072089791298,0.035065785489341084,527.5698014833963,749.5557776162791,0.09972988069057465,0.1593085527420044,0.15886139869689941,0.37604573369026184,0.13183541595935822,0.11116351932287216,0.19194288551807404,0.1701468825340271,0.3093947768211365,0.30630338191986084,0.8012384176254272,0.2993488311767578,-313.4283447265625,26.892873764038086,226.22938537597656,11.566311836242676,51.356510162353516,13.798806190490723,-15.480236053466797,7.7212066650390625,2.552192449569702,6.647120475769043,2.3094136714935303,6.307994365692139,-18.13078498840332,7.241801738739014,-16.365047454833984,5.430469512939453,-10.876839637756348,5.434576511383057,-7.694521427154541,5.830572605133057,-7.617526054382324,5.090665817260742,-10.646591186523438,5.364264965057373,-13.835501670837402,5.378093242645264,Calm,calm_06.wav
95.703125,0.11898626387119293,0.04972771182656288,0.03622516957364341,470.24666566766405,681.884765625,0.3877457082271576,0.221338152885437,0.2722010314464569,0.11457635462284088,0.209239661693573,0.4698161780834198,0.1803133487701416,0.20193538069725037,0.21691478788852692,0.3820350766181946,0.372612863779068,0.22383342683315277,-302.0711669921875,26.265989303588867,193.72682189941406,16.05463409423828,72.10459899902344,16.91873550415039,2.304722785949707,12.787311553955078,-5.787474632263184,7.792273998260498,-3.585677146911621,7.142078876495361,-8.972184181213379,9.069432258605957,-9.22439956665039,7.125271320343018,-4.863626480102539,6.435459613800049,-4.472980499267578,7.12717342376709,-6.059142589569092,7.6757893562316895,-5.265403747558594,6.816790580749512,-3.941267251968384,7.88899040222168,Calm,calm_07.wav
52.734375,0.08445586264133453,0.04283646121621132,0.03871767502422481,520.4464442460729,735.9765057231104,0.16538511216640472,0.26328784227371216,0.22735221683979034,0.49445298314094543,0.18962547183036804,0.18025214970111847,0.07138841599225998,0.2058744728565216,0.4250090718269348,0.1993638575077057,0.3084631562232971,0.11859270185232162,-344.2851867675781,29.664066314697266,194.7925567626953,18.625629425048828,61.66474151611328,14.582072257995605,-1.1143896579742432,10.404735565185547,-3.4319605827331543,7.358608722686768,-6.518808364868164,8.60107707977295,-15.126385688781738,7.459545612335205,-11.731926918029785,7.747779369354248,-4.588437080383301,7.395981788635254,-4.0413970947265625,6.260501861572266,-6.078243255615234,7.584794998168945,-9.779814720153809,8.657648086547852,-13.704117774963379,8.085287094116211,Calm,calm_08.wav
69.83741554054055,0.12296528369188309,0.07155497372150421,0.037546178536821705,569.6503264683347,841.2555073582848,0.25557366013526917,0.26384976506233215,0.4428194761276245,0.2957247793674469,0.10779036581516266,0.18319986760616302,0.18930621445178986,0.3877424895763397,0.453665554523468,0.1714238077402115,0.21136300265789032,0.10331463813781738,-282.525634765625,32.993309020996094,179.9033966064453,23.260730743408203,36.35023498535156,15.545622825622559,-8.913325309753418,10.098712921142578,8.687732696533203,9.607088088989258,2.2178444862365723,11.211255073547363,-18.502933502197266,9.234472274780273,-17.791179656982422,6.309035301208496,-9.640942573547363,6.7003865242004395,-13.463160514831543,8.690768241882324,-18.346837997436523,8.82118034362793,-13.451404571533203,9.710347175598145,-5.509805202484131,9.373818397521973,Calm,calm_09.wav
92.28515625,0.17587397992610931,0.06615263968706131,0.03535724018895349,494.44074176105784,708.2838049600291,0.03452266752719879,0.01573547162115574,0.10730177164077759,0.41310742497444153,0.21781635284423828,0.41243162751197815,0.16750727593898773,0.20738953351974487,0.3046429753303528,0.20900604128837585,0.42680901288986206,0.13245421648025513,-289.0906066894531,21.707304000854492,212.0061798095703,14.111815452575684,50.85691452026367,11.04023551940918,-12.040641784667969,6.999183177947998,-0.8625741004943848,7.645480155944824,-3.4896128177642822,5.134170055389404,-17.13609504699707,6.995451927185059,-13.216415405273438,5.578256607055664,-8.603095054626465,5.641088485717773,-15.184392929077148,6.520798683166504,-18.092233657836914,5.988029479980469,-16.149028778076172,6.890124797821045,-16.485666275024414,6.048858642578125,Calm,calm_10.wav
71.77734375,0.1707773059606552,0.045555856078863144,0.03859655099321706,575.0224058699151,920.0520076308139,0.18785344064235687,0.6566080451011658,0.17654289305210114,0.12263132631778717,0.2348358929157257,0.2945132255554199,0.5474709272384644,0.29149746894836426,0.3921473026275635,0.11786925047636032,0.07717563956975937,0.04563107714056969,-266.08111572265625,22.811565399169922,230.07891845703125,10.318406105041504,29.057743072509766,13.52823543548584,-17.98175811767578,8.552454948425293,14.567841529846191,7.871172904968262,7.8505730628967285,6.617895126342773,-17.759004592895508,6.811313629150391,-9.653711318969727,7.677290439605713,-5.610941410064697,7.656671524047852,-11.970258712768555,6.988475799560547,-13.608328819274902,6.61624813079834,-6.702463150024414,7.102738380432129,-4.550518035888672,6.6108527183532715,Calm,calm_11.wav
117.45383522727273,0.14686648547649384,0.05999090149998665,0.04021923449612403,570.3084085201077,842.8162472747093,0.45998015999794006,0.11611078679561615,0.12754909694194794,0.44631797075271606,0.13153904676437378,0.14320406317710876,0.06253237277269363,0.23812097311019897,0.594701886177063,0.19465093314647675,0.10849834233522415,0.1342972069978714,-272.2970886230469,25.77088165283203,210.6344451904297,13.017602920532227,22.42198371887207,13.054767608642578,-8.619800567626953,7.553187370300293,17.91587257385254,7.371273994445801,-3.816523313522339,9.256904602050781,-23.127031326293945,6.992884635925293,-14.19351577758789,7.416982173919678,-10.422127723693848,6.866123199462891,-13.682511329650879,5.313107967376709,-9.092761039733887,5.901369571685791,-5.499349117279053,5.864275932312012,-9.480770111083984,7.211841583251953,Calm,calm_12.wav
198.76802884615384,0.10519351065158844,0.06708943843841553,0.03595907521802326,574.745141150171,803.6224791061046,0.17794641852378845,0.4810660481452942,0.24673447012901306,0.39002618193626404,0.21791234612464905,0.5187627077102661,0.3133324682712555,0.10086667537689209,0.032620109617710114,0.04777611419558525,0.049107711762189865,0.018494201824069023,-317.8041687011719,48.87282943725586,171.10067749023438,30.26466941833496,36.71662521362305,23.21274757385254,-8.669570922851562,15.089693069458008,0.9685736298561096,10.44538402557373,-9.110453605651855,9.530707359313965,-25.206758499145508,8.329527854919434,-17.93338394165039,5.742606163024902,-8.095179557800293,6.431180000305176,-13.175743103027344,5.473991394042969,-16.158784866333008,6.516631126403809,-11.078960418701172,6.759093284606934,-10.644575119018555,5.83436393737793,Calm,calm_13.wav
103.359375,0.12054644525051117,0.07492202520370483,0.04463193435077519,623.111041110959,855.8363235828489,0.3462904393672943,0.10532226413488388,0.22967670857906342,0.2844877541065216,0.11041426658630371,0.23117372393608093,0.09438740462064743,0.21788954734802246,0.3761555850505829,0.168282613158226,0.37241169810295105,0.14720317721366882,-285.9162902832031,33.277618408203125,173.8547821044922,18.21479034423828,32.65196228027344,21.982254028320312,-13.151886940002441,10.408112525939941,-3.712099552154541,8.061906814575195,-14.475817680358887,10.216203689575195,-26.758895874023438,13.747061729431152,-20.177837371826172,8.147260665893555,-16.018476486206055,6.856962203979492,-18.68381118774414,8.080099105834961,-14.71474552154541,7.0152363777160645,-6.532454967498779,7.236431121826172,-1.5096739530563354,6.823033332824707,Calm,calm_14.wav
135.99917763157896,0.13887672126293182,0.04562529921531677,0.03141465297965116,464.96171765584705,673.4801394440407,0.12589646875858307,0.183045893907547,0.2004905790090561,0.36867156624794006,0.22013388574123383,0.35584503412246704,0.2386346161365509,0.1608094424009323,0.2941936254501343,0.26465386152267456,0.4217606484889984,0.13302259147167206,-312.2741394042969,26.026268005371094,215.16981506347656,16.10921287536621,57.71072006225586,17.338359832763672,-3.745318651199341,8.878336906433105,6.486358642578125,8.307541847229004,3.569399833679199,7.958126544952393,-12.130053520202637,8.729765892028809,-11.786338806152344,8.175021171569824,-6.86990213394165,8.910859107971191,-9.309362411499023,7.739348888397217,-10.335494995117188,7.4981770515441895,-9.402506828308105,6.751667499542236,-9.844966888427734,9.359207153320312,Calm,calm_15.wav
67.99958881578948,0.1901296079158783,0.05262323468923569,0.03541515261627907,620.5309995297388,1154.313226744186,0.3134305775165558,0.4628390669822693,0.3556482195854187,0.3711978793144226,0.3988119959831238,0.323137491941452,0.2650092542171478,0.21152248978614807,0.3840765357017517,0.2462281733751297,0.43659278750419617,0.3476352393627167,-213.79624938964844,33.19396209716797,246.81094360351562,11.233110427856445,-19.490781784057617,20.296293258666992,-12.222586631774902,12.673174858093262,29.736927032470703,7.351848125457764,-0.5588573217391968,8.334311485290527,-11.275906562805176,7.332638263702393,-1.0084457397460938,5.129428386688232,0.21580763161182404,6.440154552459717,-5.750321388244629,6.293704509735107,-4.0082688331604,5.0998029708862305,-0.22296936810016632,5.843801975250244,-4.4175896644592285,5.03299617767334,Happy,happy_01.wav
92.28515625,0.18102946877479553,0.04939303919672966,0.10934509750484496,1255.1111282690838,2052.4814907340115,0.807507336139679,0.30276548862457275,0.1107863187789917,0.5094555020332336,0.09746259450912476,0.05410008504986763,0.03934282064437866,0.10984866321086884,0.20284400880336761,0.0359308235347271,0.018130047246813774,0.23779018223285675,-219.58071899414062,32.436336517333984,175.31504821777344,14.959978103637695,-69.81689453125,21.13127899169922,-16.393144607543945,13.777024269104004,28.117794036865234,15.761866569519043,-11.238212585449219,10.232256889343262,-23.38083839416504,9.778230667114258,-11.694950103759766,7.62630033493042,-13.636458396911621,8.797346115112305,-23.291566848754883,9.629498481750488,-8.162018775939941,10.579887390136719,8.330815315246582,9.884394645690918,-6.317127227783203,9.378393173217773,Happy,happy_02.wav
135.99917763157896,0.21991011500358582,0.06569353491067886,0.05436992793120155,886.1292101828997,1425.8986646075582,0.13550013303756714,0.4197346568107605,0.1610291749238968,0.34293031692504883,0.4449027180671692,0.09810341149568558,0.1320865899324417,0.08448334038257599,0.23731280863285065,0.20735383033752441,0.09431173652410507,0.25323745608329773,-203.7128448486328,29.16684341430664,188.37762451171875,11.471895217895508,-40.333152770996094,13.270902633666992,7.112704277038574,12.202526092529297,-7.592707633972168,8.51447868347168,-32.949684143066406,8.282079696655273,-29.660703659057617,6.144737720489502,-29.83197593688965,6.579179286956787,-18.23158073425293,7.313342094421387,-19.75934600830078,7.960171699523926,-1.152011513710022,7.616370677947998,13.09242057800293,11.39246654510498,-4.403537750244141,9.835840225219727,Happy,happy_03.wav
143.5546875,0.18208251893520355,0.05329149216413498,0.06509091872577519,799.2634624499542,1087.985953397529,0.3040158152580261,0.1075577586889267,0.04301553592085838,0.054946910589933395,0.15144293010234833,0.3148990571498871,0.14041820168495178,0.3956792950630188,0.43803730607032776,0.12452417612075806,0.2594790458679199,0.19179560244083405,-239.22645568847656,31.732276916503906,204.93177795410156,11.825764656066895,-10.33021068572998,17.935928344726562,-19.218914031982422,11.534866333007812,-3.4220728874206543,11.41589641571045,-18.356155395507812,7.540685653686523,-14.065275192260742,9.108512878417969,5.901655673980713,10.95346450805664,9.297148704528809,12.158645629882812,-6.145033359527588,9.738347053527832,-14.785330772399902,11.992232322692871,-21.81951332092285,12.852889060974121,-24.423635482788086,15.040548324584961,Happy,happy_04.wav
99.38401442307692,0.1380499005317688,0.06759637594223022,0.07657158430232558,893.3856432859213,1247.2231558866279,0.3956400752067566,0.11987265944480896,0.24590574204921722,0.2828218340873718,0.1181088238954544,0.33512046933174133,0.07640828937292099,0.1106596514582634,0.29180946946144104,0.09755883365869522,0.10808605700731277,0.13182653486728668,-272.5977783203125,38.409297943115234,183.4187774658203,21.149763107299805,-11.2504301071167,29.300071716308594,-29.910320281982422,14.323246002197266,4.277567386627197,9.800026893615723,-2.545743942260742,19.606121063232422,-10.233170509338379,18.69178581237793,-7.043824195861816,13.43643569946289,-10.70830249786377,15.948121070861816,-14.178727149963379,14.442466735839844,-6.707063674926758,12.597975730895996,-1.726844072341919,14.125897407531738,-6.45819616317749,13.801054954528809,Happy,happy_05.wav
135.99917763157896,0.17413970828056335,0.06200607120990753,0.0606948734253876,785.7768117035972,1210.3162472747092,0.11837492138147354,0.2356867641210556,0.11436909437179565,0.2331947237253189,0.27374544739723206,0.17101342976093292,0.3696749806404114,0.12225480377674103,0.20016708970069885,0.38156259059906006,0.16469396650791168,0.2837488353252411,-239.47776794433594,39.11345291137695,204.2908477783203,21.623029708862305,-9.724967002868652,26.35639762878418,-17.08411979675293,14.288030624389648,7.867022514343262,16.755359649658203,-5.451499938964844,15.31515884399414,-10.0840482711792,9.557908058166504,-4.928681373596191,11.658378601074219,-5.0861334800720215,16.259885787963867,-8.43224811553955,9.947227478027344,-9.070903778076172,12.144821166992188,-12.097622871398926,14.963374137878418,-12.150736808776855,11.375592231750488,Happy,happy_06.wav
151.99908088235293,0.15857194364070892,0.04217206686735153,0.0884780765503876,1156.7736226748968,1744.2478765443313,0.4736476242542267,0.11257766932249069,0.19226734340190887,0.044442690908908844,0.04779766499996185,0.05862104892730713,0.06884502619504929,0.36429572105407715,0.30789682269096375,0.16949474811553955,0.413741797208786,0.2166208028793335,-233.7870635986328,38.546207427978516,171.9736328125,25.870107650756836,-71.10050964355469,21.33125114440918,-34.40540313720703,21.997987747192383,-15.311676025390625,15.909439086914062,-14.013535499572754,8.277993202209473,-3.167351007461548,8.02681827545166,15.602225303649902,10.5098876953125,21.42677116394043,13.416419982910156,-3.8586652278900146,10.28799057006836,-21.534374237060547,8.96971607208252,-17.925073623657227,9.053396224975586,-4.179926872253418,8.387069702148438,Happy,happy_07.wav
86.1328125,0.19035905599594116,0.04848289117217064,0.052989492490310076,695.79402264172,1066.0771711482557,0.10487446188926697,0.32996609807014465,0.23617057502269745,0.16266706585884094,0.5048655271530151,0.134628027677536,0.13005752861499786,0.03942165896296501,0.194215789437294,0.5288265347480774,0.19082331657409668,0.2605917453765869,-251.6190948486328,31.173372268676758,220.89993286132812,13.879480361938477,-0.7106984853744507,19.091157913208008,-20.191850662231445,10.371631622314453,4.3768415451049805,10.111135482788086,-10.201916694641113,7.241903781890869,-12.969594955444336,8.262792587280273,-1.1555256843566895,10.411599159240723,-9.119864463806152,11.00872802734375,-28.21286392211914,9.315996170043945,-21.49599838256836,13.254631996154785,-4.624850749969482,10.255271911621094,-0.5386057496070862,8.39450454711914,Happy,happy_08.wav
112.34714673913044,0.14040245115756989,0.04917444288730621,0.059815210150193796,743.5517633507288,950.7660337936046,0.06679566949605942,0.20919449627399445,0.10861629247665405,0.1581922173500061,0.1848650574684143,0.24794228374958038,0.46860095858573914,0.20501044392585754,0.1887729912996292,0.13604338467121124,0.12331635504961014,0.056643642485141754,-302.4210205078125,38.72395706176758,188.38230895996094,23.3402042388916,10.89586067199707,25.892614364624023,-31.364431381225586,21.119840621948242,-11.294855117797852,16.639432907104492,-16.129749298095703,11.88171100616455,-23.716596603393555,11.73042106628418,-9.27548885345459,13.971872329711914,3.790200710296631,17.484729766845703,2.94535756111145,16.401384353637695,2.6932809352874756,12.592070579528809,-2.515869617462158,17.04117202758789,-13.139416694641113,18.287151336669922,Happy,happy_09.wav
112.34714673913044,0.16708296537399292,0.047900065779685974,0.04352099987887597,624.4248122709155,990.8278070494187,0.12804435193538666,0.5486094355583191,0.290754109621048,0.11340659856796265,0.25338026881217957,0.1273595541715622,0.1694784164428711,0.07812119275331497,0.08287901431322098,0.1650567352771759,0.40418076515197754,0.19042323529720306,-249.63604736328125,23.574357986450195,218.4784393310547,11.74588680267334,12.798768997192383,14.965003967285156,-16.144996643066406,8.774975776672363,18.029748916625977,6.710616111755371,-3.4667258262634277,6.913933753967285,-24.246376037597656,5.522616386413574,-9.539264678955078,5.968562126159668,-2.647213935852051,6.4704365730285645,-11.317109107971191,5.542193412780762,-10.240567207336426,5.898464202880859,-3.8803672790527344,5.300984859466553,-3.2270476818084717,5.775736331939697,Happy,happy_10.wav
75.99954044117646,0.11204204708337784,0.05018256977200508,0.05827125726744186,730.7816612965476,1064.9337413699127,0.2538549602031708,0.07558740675449371,0.11593399941921234,0.08778602629899979,0.04767373949289322,0.1370837539434433,0.08031358569860458,0.2234468162059784,0.14096485078334808,0.513764500617981,0.5850451588630676,0.1700930893421173,-296.59613037109375,33.57315444946289,188.1211700439453,13.503348350524902,12.700671195983887,26.35688591003418,-28.5848445892334,13.301114082336426,-4.778468132019043,11.556318283081055,-6.361791610717773,13.093167304992676,-16.97304344177246,13.17641544342041,-9.52855110168457,17.08285140991211,-2.495774269104004,14.672883987426758,-12.834429740905762,11.497416496276855,-20.89117431640625,11.61951732635498,-17.33289337158203,11.413768768310547,-10.796751976013184,9.87588882446289,Happy,happy_11.wav
198.76802884615384,0.19900259375572205,0.06885366886854172,0.061735404554263566,804.5278295062686,987.8982898800872,0.03649959713220596,0.15851815044879913,0.28749021887779236,0.14395780861377716,0.3190571367740631,0.13514111936092377,0.403031587600708,0.14213676750659943,0.22319336235523224,0.2848507761955261,0.08395371586084366,0.058424994349479675,-256.40081787109375,30.330472946166992,188.4619598388672,22.272388458251953,-2.7001497745513916,19.71384620666504,-31.71863555908203,15.197794914245605,-12.848138809204102,20.730558395385742,-25.08612823486328,14.009026527404785,-28.249753952026367,8.966069221496582,-9.402668952941895,12.960592269897461,1.8690645694732666,18.6312313079834,0.14297367632389069,17.099008560180664,0.06898514926433563,10.390695571899414,-2.7607228755950928,8.186629295349121,-14.583508491516113,14.810383796691895,Happy,happy_12.wav
172.265625,0.15286824107170105,0.08830704540014267,0.06687787669573643,885.5638484225466,1255.8948605559592,0.268312007188797,0.13265271484851837,0.24375854432582855,0.35334137082099915,0.11065671592950821,0.24833045899868011,0.0915881022810936,0.22337821125984192,0.2913718521595001,0.07463311403989792,0.15482838451862335,0.21173223853111267,-253.66661071777344,40.076229095458984,173.86288452148438,18.540498733520508,-10.659595489501953,18.203269958496094,-28.567745208740234,16.74390411376953,-8.577771186828613,15.82533073425293,-18.436389923095703,8.095826148986816,-19.633432388305664,10.879233360290527,-8.192909240722656,15.564196586608887,-0.8439778685569763,17.97355079650879,-1.2732168436050415,14.332161903381348,-1.2910350561141968,14.186359405517578,-3.9182941913604736,11.41503620147705,-9.170523643493652,14.313889503479004,Happy,happy_13.wav
83.35433467741936,0.17373526096343994,0.07323671877384186,0.05288464450096899,820.2370145213071,1428.4192178415697,0.5407811999320984,0.21406787633895874,0.31400591135025024,0.3435763716697693,0.08509676158428192,0.10558083653450012,0.05250585824251175,0.13012973964214325,0.0745423436164856,0.252028226852417,0.4655730426311493,0.1989930123090744,-245.12771606445312,60.94338607788086,192.27223205566406,29.437625885009766,-22.910865783691406,27.935970306396484,-2.329103469848633,8.682347297668457,11.278891563415527,11.274288177490234,-21.009841918945312,10.487213134765625,-31.11461067199707,7.370312213897705,-25.036142349243164,7.868262767791748,-18.33390998840332,5.335592746734619,-17.096933364868164,6.557291507720947,-8.65097713470459,7.16944694519043,2.250983715057373,7.50137996673584,5.3874192237854,6.26410436630249,Happy,happy_14.wav
172.265625,0.14392468333244324,0.08463422954082489,0.06849601804748062,1075.8930202264498,1680.9252361918604,0.09541873633861542,0.2418602705001831,0.08747449517250061,0.10585380345582962,0.11552517861127853,0.464962899684906,0.09759904444217682,0.11618305742740631,0.5513888001441956,0.18577127158641815,0.22041839361190796,0.07644084095954895,-275.55157470703125,91.93160247802734,141.45773315429688,51.43314743041992,-23.979766845703125,22.224308013916016,-13.324267387390137,19.273056030273438,-16.751535415649414,17.4993896484375,-25.703041076660156,11.628795623779297,-19.16099739074707,9.993387222290039,-5.451272964477539,11.050561904907227,4.516397953033447,12.640028953552246,4.528285503387451,11.543313980102539,3.863435983657837,12.329604148864746,-5.103334903717041,10.743437767028809,-13.509078025817871,10.029068946838379,Happy,happy_15.wav
172.265625,0.10154643654823303,0.036586180329322815,0.03753330910852713,533.6361913183621,778.0497138444767,0.24158290028572083,0.21331782639026642,0.21869580447673798,0.3216894268989563,0.14211568236351013,0.1854887306690216,0.13851043581962585,0.4773232042789459,0.5522308945655823,0.22758246958255768,0.3662934899330139,0.16548101603984833,-325.5914611816406,23.316360473632812,228.6212158203125,12.081467628479004,47.51055145263672,15.648837089538574,-16.559160232543945,8.08631420135498,1.2125238180160522,7.4816365242004395,0.639087438583374,6.961920738220215,-14.530203819274902,6.3596415519714355,-12.334757804870605,5.332574367523193,-9.976482391357422,6.160970687866211,-12.104443550109863,5.285976409912109,-8.168210983276367,4.713378429412842,-3.782951831817627,6.97100305557251,-6.9766974449157715,7.215022087097168,Sad,sad_01.wav
151.99908088235293,0.12741997838020325,0.06010851636528969,0.0474594234496124,689.6929787565535,1052.030511900436,0.4289069175720215,0.08891256153583527,0.05673150345683098,0.17855927348136902,0.17888547480106354,0.46898341178894043,0.14917653799057007,0.2632439136505127,0.3006139099597931,0.07866787910461426,0.1105133518576622,0.13796007633209229,-284.405517578125,40.28266143798828,200.8819580078125,18.78849220275879,6.3095550537109375,22.612716674804688,-16.43733024597168,12.0357027053833,6.836497783660889,14.502724647521973,-8.72434139251709,15.655268669128418,-20.992097854614258,9.349282264709473,-14.234580993652344,8.223298072814941,-8.486328125,9.189738273620605,-9.694572448730469,11.075464248657227,-8.782756805419922,7.787380218505859,-7.516820907592773,8.441263198852539,-9.383243560791016,9.012945175170898,Sad,sad_02.wav
117.45383522727273,0.12201441079378128,0.06875932961702347,0.03494768955910853,510.49421222591275,657.8810864825581,0.25105783343315125,0.5367897152900696,0.2523110806941986,0.33461394906044006,0.3004535734653473,0.5433906316757202,0.1830347627401352,0.1445530205965042,0.3260972201824188,0.13508303463459015,0.12246903032064438,0.08093588054180145,-319.814208984375,45.40180206298828,198.5037841796875,28.263513565063477,65.70640563964844,22.29609489440918,5.9463324546813965,20.198129653930664,3.91186261177063,9.872989654541016,-0.13505764305591583,7.428462028503418,-9.94253921508789,9.46379566192627,-9.664505004882812,7.911818504333496,-8.739289283752441,6.354371070861816,-8.126049041748047,6.325420379638672,-3.463411569595337,5.839858055114746,3.570180892944336,6.658352851867676,5.575029373168945,7.0440545082092285,Sad,sad_03.wav
107.666015625,0.14236924052238464,0.068043053150177,0.054358951065891475,764.6110605206587,1142.7954669331396,0.14115212857723236,0.19366861879825592,0.16234560310840607,0.589563250541687,0.21172495186328888,0.05881262943148613,0.13727816939353943,0.05450253561139107,0.13018201291561127,0.054469868540763855,0.21461233496665955,0.5401690602302551,-259.32098388671875,42.1605224609375,198.80523681640625,13.26850414276123,-3.0238289833068848,24.18268394470215,-4.033178329467773,11.125737190246582,-0.3658827543258667,10.579426765441895,-18.36786460876465,9.149490356445312,-13.707366943359375,7.651076793670654,-11.318877220153809,9.49569320678711,-13.632627487182617,7.169699668884277,-15.740190505981445,6.468347072601318,-8.65335464477539,6.6430583000183105,4.625667095184326,11.510514259338379,4.5460076332092285,11.413178443908691,Sad,sad_04.wav
184.5703125,0.12300939857959747,0.09064879268407822,0.062331940406976746,847.7725355388661,1115.2780364280522,0.18117046356201172,0.08952607959508896,0.14712299406528473,0.35446470975875854,0.15332496166229248,0.1922222077846527,0.038926295936107635,0.05183712765574455,0.14195366203784943,0.125931054353714,0.3251446485519409,0.1080077663064003,-316.7226867675781,52.98197937011719,152.0424346923828,33.867855072021484,10.907103538513184,25.785551071166992,-23.4993953704834,16.314281463623047,-10.261970520019531,12.86011028289795,-9.992486953735352,12.173789978027344,-9.570406913757324,15.931010246276855,-2.722177028656006,16.94448471069336,-4.57289981842041,13.084872245788574,-12.26073932647705,12.055418014526367,-9.049599647521973,17.587581634521484,-1.621443510055542,17.14148712158203,-1.5764936208724976,9.881185531616211,Sad,sad_05.wav
66.25600961538461,0.09693273156881332,0.053291648626327515,0.03354870700096899,508.0185067958924,729.7669308684593,0.10018282383680344,0.08784371614456177,0.20317037403583527,0.42304128408432007,0.2062160074710846,0.10601866990327835,0.3262476325035095,0.2282344549894333,0.3951837718486786,0.26248621940612793,0.5173416137695312,0.4263182580471039,-315.82464599609375,29.058639526367188,187.66488647460938,17.303585052490234,57.722572326660156,18.183618545532227,-4.9285383224487305,12.373987197875977,-4.819303035736084,7.807720184326172,-2.487473487854004,7.153283596038818,-9.380012512207031,8.30079174041748,-12.706089973449707,5.6150970458984375,-13.585223197937012,5.390893459320068,-13.99296760559082,7.152309417724609,-12.2232084274292,6.140156269073486,-10.731407165527344,4.286252975463867,-9.876276016235352,6.342929840087891,Sad,sad_06.wav
112.34714673913044,0.2057354599237442,0.06820806115865707,0.04008107739825582,545.0285962035763,644.5021234556687,0.07299219071865082,0.19366031885147095,0.13217882812023163,0.2839857339859009,0.07759611308574677,0.021563993766903877,0.09962863475084305,0.06463681161403656,0.04412468895316124,0.12434835731983185,0.6241997480392456,0.17159153521060944,-302.2431640625,23.687036514282227,185.4942626953125,14.231765747070312,48.058013916015625,14.266687393188477,1.1059448719024658,9.459027290344238,4.072672367095947,6.602236270904541,-11.237354278564453,6.757816791534424,-25.833097457885742,7.503427505493164,-19.676044464111328,6.524186134338379,-15.203864097595215,6.791266918182373,-17.767593383789062,10.002644538879395,-11.235312461853027,6.992038726806641,-5.360536575317383,7.843069076538086,-11.458948135375977,7.825738906860352,Sad,sad_07.wav
51.6796875,0.16087783873081207,0.05605310946702957,0.036515867248062016,500.49006849675493,733.8064930050872,0.16469623148441315,0.1856137365102768,0.18986395001411438,0.36302438378334045,0.17340359091758728,0.3590855896472931,0.12565432488918304,0.25203612446784973,0.5906574130058289,0.15761706233024597,0.13577774167060852,0.15131568908691406,-302.85931396484375,26.051921844482422,230.70758056640625,14.822333335876465,52.898014068603516,12.847806930541992,-16.196456909179688,6.757443904876709,-1.066024661064148,9.234227180480957,1.4149644374847412,7.635847091674805,-15.201504707336426,11.281954765319824,-14.579514503479004,6.890178680419922,-7.110107898712158,6.852517127990723,-6.76727819442749,6.999539375305176,-5.012468338012695,5.768377304077148,-6.3743672370910645,7.226146697998047,-14.586270332336426,6.205716133117676,Sad,sad_08.wav
123.046875,0.17811472713947296,0.050284162163734436,0.03485608951065892,512.2607156294291,717.5063590116279,0.04488857090473175,0.06996509432792664,0.15907549858093262,0.5288329124450684,0.24256710708141327,0.1748148798942566,0.6488790512084961,0.2324756234884262,0.19557934999465942,0.09106969088315964,0.1435253769159317,0.07830112427473068,-283.5403747558594,18.66169548034668,214.77732849121094,9.943734169006348,48.427242279052734,12.466809272766113,-10.740373611450195,7.3535237312316895,3.5774924755096436,8.987486839294434,-0.28545621037483215,5.3394646644592285,-18.24676513671875,6.0091376304626465,-17.797353744506836,6.278557300567627,-10.865690231323242,4.956918716430664,-10.172325134277344,5.875619888305664,-7.590497970581055,5.774440288543701,-5.714670181274414,6.553864002227783,-10.195575714111328,6.961393356323242,Sad,sad_09.wav
172.265625,0.16906222701072693,0.04766484349966049,0.037608633115310076,570.9516924064402,886.5920807594476,0.4338935315608978,0.14013540744781494,0.2224888801574707,0.5736124515533447,0.15734441578388214,0.11856139451265335,0.0910525918006897,0.3213680386543274,0.47680938243865967,0.2187061905860901,0.2413252890110016,0.19889214634895325,-264.388671875,30.10599708557129,240.88148498535156,10.980667114257812,7.799570083618164,18.616790771484375,-7.878897190093994,9.076982498168945,24.064960479736328,8.186646461486816,-6.07427453994751,8.958309173583984,-23.475778579711914,8.607099533081055,-9.809748649597168,7.565479755401611,-5.897674560546875,6.301191806793213,-13.098686218261719,5.966845989227295,-10.501385688781738,5.1417131423950195,-3.7961361408233643,6.273304462432861,-7.0673298835754395,6.120750904083252,Sad,sad_10.wav
123.046875,0.06504254788160324,0.06482021510601044,0.038464071584302324,609.623857012518,769.453125,0.4293944239616394,0.434985488653183,0.14576001465320587,0.22339065372943878,0.2019737809896469,0.3726619482040405,0.12586432695388794,0.11802995204925537,0.056570202112197876,0.08121079951524734,0.19583287835121155,0.23176458477973938,-379.3320617675781,60.37283706665039,151.27792358398438,48.9696159362793,57.96049118041992,16.052474975585938,2.5008842945098877,15.930312156677246,-10.559356689453125,10.849382400512695,-13.31152629852295,9.245153427124023,-16.37958335876465,7.580019950866699,-15.286437034606934,5.610402584075928,-11.80840015411377,4.235815048217773,-10.01774787902832,5.209844589233398,-9.003227233886719,6.9419941902160645,-8.789358139038086,6.734282493591309,-9.691499710083008,7.568298816680908,Sad,sad_11.wav
135.99917763157896,0.14144916832447052,0.05344210937619209,0.04085854227228682,571.5839421585372,884.7141851380813,0.4052201509475708,0.2035062164068222,0.26276111602783203,0.8602376580238342,0.28575754165649414,0.060803357511758804,0.07260282337665558,0.13340888917446136,0.11254802346229553,0.1420157551765442,0.10266616195440292,0.13248728215694427,-283.9466552734375,31.022079467773438,207.66920471191406,15.899242401123047,26.63884162902832,23.266084671020508,-14.134760856628418,8.474872589111328,11.170816421508789,10.044283866882324,3.379744291305542,11.717434883117676,-13.57359790802002,10.328051567077637,-12.913575172424316,6.684278964996338,-12.103227615356445,7.555746078491211,-15.325716018676758,6.8374924659729,-7.757487773895264,5.287796497344971,4.709034442901611,5.991074562072754,4.991533279418945,7.290831565856934,Sad,sad_12.wav
107.666015625,0.11259138584136963,0.05625380203127861,0.03227084847383721,479.66768449861394,668.4891101925872,0.4409394860267639,0.32885998487472534,0.16658800840377808,0.22052699327468872,0.24510829150676727,0.4614349603652954,0.16720521450042725,0.1629486232995987,0.29507866501808167,0.1725633442401886,0.2319098860025406,0.19794514775276184,-324.5757141113281,29.326757431030273,202.13119506835938,18.368484497070312,63.54310989379883,20.521926879882812,-4.093888759613037,12.235268592834473,-1.9398314952850342,8.1668119430542,1.2936444282531738,7.808711051940918,-10.19200325012207,7.571496486663818,-14.05768871307373,6.1134562492370605,-9.491435050964355,5.737632751464844,-8.853928565979004,5.077053546905518,-11.05820083618164,5.447134017944336,-9.572301864624023,5.45306921005249,-5.867341041564941,5.930954456329346,Sad,sad_13.wav
112.34714673913044,0.13357535004615784,0.05705326050519943,0.029416106468023256,450.7779250677717,600.2004791969476,0.08761878311634064,0.3477868437767029,0.13951601088047028,0.09902098029851913,0.1904875487089157,0.17298972606658936,0.1663031429052353,0.2129480391740799,0.72700035572052,0.2984861433506012,0.03608183562755585,0.02962440438568592,-316.7428283691406,20.323850631713867,183.23858642578125,12.231806755065918,58.75041198730469,14.540040016174316,3.3738064765930176,9.817063331604004,8.079666137695312,7.386141300201416,4.860826015472412,6.144514560699463,-11.087140083312988,6.473331928253174,-14.689043045043945,4.711702823638916,-13.284897804260254,6.203113079071045,-16.88884925842285,6.499348163604736,-14.588825225830078,6.664835453033447,-6.523959636688232,5.8060407638549805,-6.640627384185791,4.756857395172119,Sad,sad_14.wav
95.703125,0.16178929805755615,0.0675203949213028,0.03995389716569767,579.4821987564576,835.3046647892442,0.5737305879592896,0.13641059398651123,0.2284674048423767,0.4465518891811371,0.20845285058021545,0.169692263007164,0.05976218357682228,0.11492603272199631,0.42172420024871826,0.10794836282730103,0.11966077238321304,0.1593131422996521,-275.65704345703125,40.97509765625,191.54412841796875,19.978412628173828,25.253870010375977,25.438222885131836,-4.075036525726318,7.86517333984375,12.037877082824707,6.948154449462891,-5.627584934234619,12.960783004760742,-17.82997703552246,10.570965766906738,-13.932815551757812,7.073321342468262,-15.156123161315918,6.369993686676025,-17.773685455322266,6.929295539855957,-11.242738723754883,8.123204231262207,-1.4887971878051758,8.17473030090332,0.9383739829063416,8.750081062316895,Sad,sad_15.wav
